time_of_day,location_type,incidents,streetlights,police_patrol,crowd_level,distance_from_home,risk_level
morning,rural,0,no,low,medium,4.75,Medium
night,isolated,2,no,high,low,0.54,Medium
evening,isolated,3,yes,medium,low,4.87,Medium
afternoon,rural,5,no,high,medium,1.05,Low
night,rural,2,no,medium,low,3.43,High
night,urban,3,yes,high,low,3.1,Medium
morning,urban,0,yes,high,medium,1.72,Low
morning,rural,6,yes,medium,medium,3.63,Medium
night,urban,0,no,medium,high,0.78,Medium
evening,urban,9,no,low,high,3.74,High
night,urban,10,yes,low,medium,4.71,High
evening,urban,1,no,high,medium,4.83,Medium
night,isolated,7,no,high,low,0.91,High
evening,rural,5,yes,medium,high,2.62,Low
evening,rural,10,yes,low,low,4.46,High
night,isolated,6,no,high,high,1.01,Medium
evening,urban,9,yes,high,medium,3.81,Medium
afternoon,rural,0,no,medium,low,3.42,Medium
evening,isolated,1,no,high,high,0.76,Low
morning,isolated,9,no,low,medium,4.97,High
morning,urban,5,yes,low,high,1.97,Low
afternoon,urban,7,no,low,high,3.17,High
evening,isolated,6,yes,high,medium,1.83,Low
night,urban,0,no,high,high,0.55,Medium
afternoon,urban,4,no,high,medium,2.04,Medium
afternoon,urban,6,yes,low,low,3.26,High
afternoon,urban,3,no,high,medium,2.58,Low
afternoon,urban,9,no,low,medium,0.39,High
afternoon,urban,8,no,high,high,1.79,Low
morning,isolated,10,no,medium,medium,3.13,High
morning,rural,4,yes,medium,low,4.94,Medium
morning,urban,3,no,low,medium,0.94,Medium
night,isolated,4,yes,medium,low,1.93,Medium
morning,isolated,2,yes,medium,medium,2.63,Low
evening,isolated,2,no,low,high,4.3,Medium
evening,rural,10,yes,high,medium,3.26,Medium
morning,isolated,1,no,medium,high,1.24,Low
afternoon,isolated,5,yes,medium,high,4.34,Low
night,urban,6,yes,high,high,2.13,Medium
night,isolated,7,yes,medium,high,3.57,High
night,isolated,9,no,low,medium,1.41,High
afternoon,isolated,1,no,medium,medium,2.48,Medium
night,urban,4,yes,low,low,0.63,High
morning,urban,3,no,medium,medium,1.34,Low
morning,rural,10,no,medium,medium,2.89,High
night,isolated,2,no,low,low,0.54,High
afternoon,rural,5,no,high,low,4.02,Medium
night,rural,4,no,low,low,2.49,High
afternoon,urban,0,yes,high,medium,2.71,Low
morning,isolated,4,no,high,low,4.62,Medium
morning,isolated,4,no,low,low,2.98,High
afternoon,rural,4,yes,medium,low,1.74,Low
night,isolated,8,no,high,low,2.68,High
night,isolated,2,yes,high,low,3.51,Medium
afternoon,isolated,8,yes,low,high,0.41,Low
night,urban,10,yes,high,low,1.01,High
evening,urban,9,no,high,medium,0.8,Medium
night,isolated,8,no,high,low,3.85,High
afternoon,isolated,1,yes,high,medium,2.3,Low
night,isolated,8,no,low,medium,4.74,High
night,rural,10,no,medium,low,4.29,High
morning,rural,3,no,high,low,1.3,Low
afternoon,rural,4,yes,low,low,0.41,Medium
afternoon,rural,10,no,high,high,4.85,Medium
morning,rural,0,yes,high,medium,0.57,Low
evening,urban,8,yes,high,medium,2.16,Medium
morning,urban,3,no,low,low,1.38,Medium
evening,isolated,4,no,medium,low,3.57,High
afternoon,urban,7,yes,medium,low,1.66,Medium
afternoon,isolated,8,yes,high,medium,2.68,Low
night,rural,3,yes,low,high,4.66,Medium
afternoon,isolated,7,no,medium,medium,2.79,Medium
afternoon,urban,9,yes,high,medium,2.84,Medium
night,rural,3,no,high,medium,2.96,Medium
morning,isolated,9,yes,medium,high,3.17,Medium
night,rural,10,no,medium,low,3.51,High
night,rural,7,yes,high,medium,3.82,High
morning,rural,8,yes,medium,low,2.33,Medium
evening,rural,1,no,high,low,3.5,Medium
night,isolated,8,yes,low,medium,0.88,High
morning,isolated,2,yes,medium,low,1.81,Low
morning,rural,5,no,high,medium,3.32,Medium
night,urban,10,no,low,high,0.82,High
afternoon,rural,8,yes,low,medium,2.03,Medium
evening,isolated,4,yes,low,medium,3.74,Medium
evening,rural,6,yes,medium,low,1.48,Medium
afternoon,rural,8,no,high,high,1.08,Low
evening,urban,2,no,high,high,4.93,Medium
morning,rural,10,no,low,low,2.72,High
morning,rural,1,no,low,low,4.46,High
evening,isolated,5,yes,low,low,0.61,Medium
night,rural,2,no,medium,high,4.98,High
night,urban,3,no,medium,high,1.1,Medium
night,urban,2,yes,medium,low,0.4,Medium
morning,rural,3,yes,low,high,3.65,Low
evening,urban,3,yes,medium,medium,4.49,Medium
afternoon,isolated,3,no,high,high,3.14,Low
afternoon,isolated,0,no,low,medium,0.81,Medium
afternoon,rural,1,no,low,high,2.98,Medium
evening,rural,9,no,high,medium,0.38,Medium
night,isolated,8,yes,high,low,2.62,High
morning,urban,1,no,low,medium,0.61,Medium
afternoon,urban,2,no,low,medium,4.7,Medium
morning,urban,0,yes,high,medium,3.38,Low
afternoon,rural,8,yes,medium,high,4.64,Medium
night,rural,4,no,medium,low,0.57,High
night,rural,3,yes,high,medium,2.14,Medium
night,isolated,7,no,medium,low,3.82,High
night,urban,1,no,high,high,2.73,Medium
afternoon,rural,10,yes,high,low,2.72,Medium
night,urban,8,yes,high,low,1.96,Medium
morning,rural,5,no,high,low,3.0,Medium
afternoon,rural,10,no,medium,high,3.72,High
night,rural,5,yes,medium,low,1.58,Medium
afternoon,rural,6,no,high,high,1.9,Low
night,rural,1,yes,high,medium,2.42,Medium
afternoon,urban,6,yes,medium,low,0.99,Medium
evening,urban,6,yes,high,low,2.49,Medium
evening,isolated,8,yes,medium,high,2.1,Medium
afternoon,urban,8,no,medium,medium,4.35,High
morning,isolated,2,yes,low,medium,3.95,Medium
evening,urban,0,yes,low,medium,4.06,Medium
morning,rural,7,no,high,low,1.87,Medium
morning,rural,9,no,low,medium,0.43,High
evening,urban,6,no,low,high,0.46,Medium
afternoon,rural,6,no,medium,high,4.91,Medium
afternoon,isolated,3,yes,low,medium,3.53,Medium
evening,isolated,3,no,low,low,2.45,High
night,isolated,2,yes,medium,medium,1.66,Medium
morning,isolated,3,no,low,high,2.2,Medium
evening,rural,0,yes,high,low,3.8,Medium
afternoon,rural,3,no,high,medium,4.06,Medium
night,rural,0,yes,low,medium,2.25,Medium
afternoon,rural,9,yes,medium,low,3.94,High
night,rural,4,no,medium,high,4.05,High
morning,urban,5,yes,low,high,1.65,Low
night,rural,1,no,medium,high,3.31,High
evening,rural,2,yes,low,high,0.68,Low
morning,rural,2,yes,medium,high,4.84,Low
afternoon,isolated,2,yes,low,medium,4.46,Medium
night,urban,9,no,high,medium,0.46,High
morning,urban,1,no,medium,high,1.17,Low
evening,rural,7,yes,low,high,0.45,Medium
afternoon,rural,2,yes,high,medium,2.15,Low
night,isolated,0,yes,high,high,0.22,Low
morning,urban,2,no,high,high,1.62,Low
morning,rural,1,yes,high,high,4.08,Low
night,urban,6,yes,medium,medium,2.24,High
morning,isolated,10,yes,low,high,4.66,Medium
night,isolated,4,no,medium,medium,4.21,High
afternoon,isolated,1,no,low,high,2.28,Medium
evening,urban,3,yes,high,medium,2.5,Low
evening,rural,5,no,low,low,0.45,High
evening,isolated,4,no,medium,medium,1.21,Medium
morning,isolated,9,no,low,medium,0.24,High
morning,urban,7,no,low,high,1.48,Medium
morning,urban,7,no,low,high,3.84,High
night,isolated,4,no,low,high,4.82,High
morning,urban,2,no,medium,high,2.78,Low
afternoon,isolated,5,no,high,medium,1.09,Low
night,isolated,0,yes,low,low,4.43,High
afternoon,rural,4,no,medium,medium,1.77,Medium
evening,urban,2,yes,low,low,2.01,Medium
evening,isolated,0,no,low,medium,3.04,High
morning,rural,4,no,medium,medium,0.56,Medium
morning,urban,6,yes,medium,low,3.64,Medium
afternoon,isolated,5,no,medium,medium,3.5,Medium
night,rural,1,yes,medium,low,3.94,High
morning,isolated,9,no,low,low,1.29,High
evening,rural,10,yes,medium,medium,2.76,Medium
evening,urban,8,no,low,medium,0.3,High
afternoon,isolated,0,no,high,low,2.31,Medium
night,urban,4,no,medium,high,1.85,Medium
night,isolated,10,yes,high,medium,3.59,High
afternoon,isolated,10,yes,high,low,1.69,Medium
night,urban,5,yes,high,low,3.0,Medium
evening,urban,0,yes,medium,low,0.47,Low
evening,isolated,8,no,medium,medium,4.35,High
morning,isolated,0,no,low,high,4.16,Medium
evening,rural,4,no,high,medium,1.94,Medium
evening,rural,10,yes,high,medium,1.3,Medium
afternoon,rural,7,no,medium,low,4.58,High
morning,rural,6,no,low,medium,0.62,Medium
morning,isolated,9,yes,high,high,3.91,Medium
night,urban,2,no,medium,medium,0.61,Medium
evening,urban,1,yes,high,low,3.45,Medium
evening,urban,0,yes,low,high,1.35,Low
afternoon,urban,3,yes,medium,medium,2.99,Low
night,urban,7,no,low,high,3.2,High
morning,isolated,9,yes,medium,high,0.35,Low
morning,urban,10,yes,low,medium,1.25,Medium
morning,isolated,9,no,high,high,2.31,Medium
evening,urban,2,yes,low,medium,1.77,Low
afternoon,urban,7,yes,low,low,0.95,Medium
evening,urban,8,yes,high,medium,0.45,Low
evening,rural,10,no,low,high,4.72,High
evening,isolated,4,yes,high,medium,2.81,Low
evening,urban,6,no,high,medium,1.12,Medium
evening,isolated,1,no,high,low,4.62,Medium
night,isolated,1,yes,low,medium,1.19,Medium
night,isolated,9,yes,low,high,2.06,High
afternoon,rural,4,yes,low,high,0.47,Low
morning,rural,9,no,medium,high,0.45,Medium
morning,isolated,4,no,high,high,1.38,Low
afternoon,isolated,2,no,medium,low,1.37,Medium
night,isolated,5,no,high,low,0.76,High
afternoon,rural,5,yes,medium,medium,4.12,Medium
night,urban,6,no,medium,medium,1.77,High
morning,isolated,3,no,low,medium,4.55,Medium
evening,urban,9,no,low,low,0.57,High
night,isolated,7,no,high,high,1.65,Medium
morning,urban,3,yes,low,medium,4.12,Medium
evening,isolated,2,yes,medium,medium,4.33,Medium
night,isolated,9,yes,medium,medium,4.15,High
afternoon,rural,4,yes,low,high,3.37,Medium
morning,urban,8,no,medium,low,0.3,Medium
night,rural,9,yes,high,medium,3.33,High
morning,rural,9,no,medium,low,3.47,High
evening,rural,1,no,low,high,1.93,Medium
evening,rural,6,no,high,low,4.07,High
night,urban,3,yes,medium,low,0.38,Medium
afternoon,rural,8,no,medium,high,2.61,Medium
night,isolated,2,yes,medium,medium,0.77,Medium
evening,rural,10,yes,medium,medium,4.77,High
evening,rural,7,yes,high,high,1.96,Low
night,rural,3,no,medium,low,1.74,High
afternoon,urban,7,no,medium,medium,3.18,High
evening,urban,8,yes,medium,medium,2.89,Medium
morning,rural,1,yes,low,high,4.6,Low
evening,rural,6,yes,medium,high,1.84,Low
morning,isolated,2,no,low,low,2.18,Medium
evening,rural,1,yes,low,low,2.71,Medium
night,isolated,8,no,high,low,2.62,High
afternoon,urban,1,yes,low,high,3.17,Low
night,urban,9,no,low,medium,4.05,High
evening,rural,5,no,high,low,1.81,Medium
afternoon,urban,9,no,medium,low,4.02,High
afternoon,rural,5,no,low,low,0.44,Medium
morning,rural,7,yes,low,medium,3.97,Medium
evening,urban,2,no,medium,high,4.29,Medium
night,isolated,3,no,high,medium,2.19,Medium
evening,rural,2,no,low,low,1.43,Medium
afternoon,urban,3,no,medium,high,0.49,Low
evening,rural,2,yes,low,medium,1.37,Low
afternoon,urban,7,yes,low,low,3.82,High
morning,rural,3,yes,low,medium,2.98,Low
evening,urban,5,no,high,medium,1.16,Medium
afternoon,rural,6,no,high,low,2.9,Medium
evening,urban,7,no,medium,low,2.34,High
afternoon,isolated,9,yes,high,low,1.22,Medium
afternoon,rural,6,yes,low,high,1.16,Low
morning,isolated,9,no,low,medium,1.79,High
morning,urban,0,no,medium,low,1.24,Medium
morning,rural,0,no,low,low,0.33,Medium
evening,urban,4,no,high,medium,1.05,Medium
night,urban,2,no,medium,high,1.12,Medium
night,isolated,5,yes,high,high,3.56,Medium
night,rural,4,yes,medium,low,4.54,High
afternoon,urban,1,no,medium,medium,2.13,Medium
afternoon,isolated,7,no,high,high,4.57,Medium
night,rural,2,no,medium,high,1.43,Medium
morning,rural,1,no,medium,low,0.93,Medium
morning,rural,0,yes,high,high,4.35,Low
night,urban,3,no,medium,high,0.31,Medium
morning,isolated,2,yes,high,medium,4.02,Low
afternoon,rural,6,no,medium,high,4.92,Medium
afternoon,urban,5,no,low,low,3.75,High
morning,rural,2,yes,high,high,4.83,Low
afternoon,isolated,2,yes,high,low,2.42,Low
night,urban,8,no,high,low,0.44,High
afternoon,urban,8,no,high,high,4.54,Medium
morning,isolated,4,yes,medium,medium,3.59,Medium
morning,rural,7,no,high,low,0.6,Medium
afternoon,rural,2,no,medium,low,0.82,Medium
morning,urban,4,no,medium,low,2.35,Medium
night,urban,6,yes,low,high,3.18,High
morning,isolated,0,yes,medium,medium,0.71,Low
morning,isolated,3,yes,medium,medium,2.24,Low
night,rural,0,yes,medium,high,3.89,Medium
evening,rural,4,no,high,low,2.89,Medium
afternoon,isolated,1,no,high,high,2.88,Low
afternoon,isolated,3,yes,low,medium,2.33,Low
morning,rural,2,yes,low,medium,4.4,Medium
morning,isolated,6,no,high,medium,3.3,Medium
evening,isolated,0,no,low,medium,3.88,High
night,rural,2,no,low,low,0.77,High
morning,isolated,4,no,high,low,0.72,Medium
night,isolated,6,no,high,medium,0.75,High
afternoon,rural,2,yes,medium,high,2.79,Low
night,isolated,1,yes,medium,medium,0.26,Medium
afternoon,urban,0,no,low,medium,1.85,Medium
evening,isolated,1,yes,low,medium,0.96,Low
evening,isolated,10,yes,high,low,3.26,High
evening,isolated,8,yes,high,medium,1.52,Low
morning,urban,0,yes,medium,low,0.23,Low
morning,urban,4,yes,high,high,4.85,Low
night,urban,8,no,medium,medium,0.99,High
evening,urban,10,no,high,low,0.33,High
night,rural,10,yes,medium,medium,1.08,High
night,isolated,1,yes,low,medium,4.7,High
morning,rural,8,yes,medium,high,2.47,Low
night,rural,4,no,medium,high,3.0,High
evening,rural,5,no,high,medium,2.16,Medium
morning,urban,2,yes,medium,medium,4.73,Low
morning,isolated,5,yes,low,high,0.46,Low
morning,rural,10,yes,medium,low,3.61,High
evening,rural,7,yes,low,high,4.76,Medium
afternoon,urban,8,no,high,medium,4.64,Medium
afternoon,isolated,2,no,medium,low,2.15,Medium
morning,isolated,4,yes,medium,low,3.1,Medium
afternoon,urban,3,no,high,high,3.52,Low
evening,rural,2,yes,low,medium,1.38,Low
night,rural,10,yes,low,low,3.37,High
night,isolated,10,no,medium,high,3.77,High
night,urban,4,yes,high,high,0.59,Low
morning,isolated,8,no,medium,high,4.26,Medium
evening,rural,6,yes,medium,low,1.97,Medium
night,isolated,5,yes,low,medium,0.61,Medium
evening,rural,6,no,high,high,1.02,Medium
morning,urban,3,yes,high,low,0.66,Low
night,rural,0,yes,low,low,4.96,High
night,rural,10,no,high,medium,2.19,High
evening,isolated,7,yes,medium,high,3.27,Medium
night,isolated,6,no,high,high,1.55,Medium
night,rural,4,no,low,medium,3.6,High
night,urban,2,yes,low,high,3.22,Medium
afternoon,urban,4,no,high,medium,3.38,Medium
afternoon,urban,3,yes,high,low,4.22,Low
morning,urban,2,yes,low,high,1.74,Low
night,isolated,0,yes,low,low,4.82,High
night,urban,8,no,medium,low,3.6,High
evening,isolated,3,yes,medium,low,3.96,Medium
afternoon,urban,1,yes,high,medium,3.83,Low
evening,isolated,10,yes,low,high,3.33,High
morning,rural,1,no,medium,medium,1.23,Low
evening,urban,7,yes,medium,medium,0.96,Medium
morning,urban,2,yes,high,medium,4.65,Low
afternoon,rural,7,no,medium,high,2.97,Medium
afternoon,rural,7,yes,high,low,2.22,Medium
morning,rural,10,yes,high,low,1.99,Medium
evening,isolated,2,yes,low,medium,1.98,Low
night,isolated,7,no,low,medium,1.67,High
afternoon,rural,1,yes,high,high,3.49,Low
afternoon,isolated,5,yes,medium,high,3.39,Low
morning,rural,2,no,medium,low,4.92,Medium
afternoon,urban,5,yes,medium,low,4.34,Medium
night,isolated,0,yes,low,high,2.9,Medium
night,urban,5,no,high,medium,3.9,High
night,urban,3,no,high,medium,0.54,Medium
evening,rural,5,no,high,medium,4.45,Medium
night,urban,3,yes,low,high,4.2,Medium
morning,isolated,4,no,low,high,0.77,Medium
afternoon,urban,6,yes,medium,medium,3.92,Medium
afternoon,urban,6,yes,low,low,3.15,High
evening,rural,0,no,high,medium,2.4,Medium
night,urban,6,no,high,medium,1.05,High
night,rural,0,no,medium,medium,2.65,High
afternoon,rural,8,yes,high,low,3.47,Medium
morning,isolated,10,no,medium,high,3.78,High
morning,urban,9,no,low,high,4.74,High
evening,rural,4,no,medium,medium,1.97,Medium
night,rural,9,no,low,low,1.64,High
morning,isolated,5,yes,medium,medium,0.22,Low
night,urban,10,yes,high,low,1.88,High
afternoon,urban,3,no,low,medium,3.73,Medium
morning,rural,7,no,low,high,0.59,Medium
afternoon,rural,4,yes,low,medium,1.6,Low
afternoon,rural,7,yes,low,high,0.88,Low
evening,isolated,5,no,high,high,3.44,Medium
evening,isolated,9,no,high,high,4.62,High
morning,rural,0,yes,high,high,1.27,Low
evening,isolated,3,no,high,low,4.11,Medium
night,rural,10,yes,medium,medium,0.54,High
evening,isolated,3,no,high,medium,2.81,Medium
evening,rural,3,no,high,high,2.17,Low
afternoon,rural,2,no,low,high,2.75,Medium
morning,rural,5,yes,medium,low,4.53,Medium
morning,urban,10,yes,medium,low,2.72,Medium
evening,urban,2,no,medium,low,0.51,Medium
evening,rural,6,yes,medium,low,1.58,Medium
afternoon,isolated,0,no,low,high,4.22,Medium
evening,rural,4,no,medium,high,3.43,Medium
morning,urban,3,yes,high,medium,0.39,Low
night,rural,5,yes,low,medium,3.05,High
night,isolated,8,no,low,high,1.03,High
evening,rural,7,yes,low,high,0.45,Medium
evening,rural,2,no,medium,low,0.59,Medium
morning,isolated,1,yes,medium,medium,2.19,Low
morning,rural,3,yes,medium,low,1.98,Low
morning,isolated,10,no,high,medium,0.4,Medium
evening,isolated,6,yes,high,medium,4.08,Medium
morning,isolated,5,no,medium,medium,4.0,Medium
afternoon,rural,5,no,high,low,4.29,Medium
afternoon,rural,9,yes,high,low,4.51,Medium
evening,rural,4,yes,high,medium,3.23,Medium
evening,isolated,3,no,medium,medium,4.77,Medium
night,urban,0,no,high,low,4.33,High
night,rural,1,yes,medium,medium,2.33,Medium
morning,urban,10,no,high,low,3.43,High
afternoon,rural,5,no,high,low,0.69,Medium
afternoon,rural,9,no,medium,low,1.33,High
night,isolated,10,yes,high,high,4.73,High
morning,isolated,7,yes,high,low,2.83,Medium
evening,urban,0,no,high,medium,3.96,Medium
night,rural,2,yes,high,low,3.01,Medium
evening,isolated,0,no,medium,high,0.59,Low
night,rural,2,no,high,low,0.39,Medium
morning,isolated,10,no,low,high,4.61,High
afternoon,urban,2,yes,medium,high,3.29,Low
morning,isolated,3,yes,low,high,3.76,Low
morning,isolated,8,no,low,medium,0.53,Medium
evening,rural,3,yes,medium,medium,2.76,Low
night,urban,7,no,medium,high,1.88,High
morning,urban,8,no,medium,medium,1.27,Medium
morning,urban,2,yes,high,high,2.27,Low
morning,rural,7,no,high,low,1.97,Medium
morning,urban,0,yes,high,medium,4.81,Low
morning,isolated,8,no,medium,low,2.29,High
morning,isolated,1,no,high,medium,1.46,Low
night,rural,3,no,low,low,4.73,High
evening,urban,4,yes,high,high,3.47,Low
night,urban,0,no,medium,medium,4.36,High
evening,rural,6,yes,medium,medium,3.17,Medium
morning,isolated,0,yes,high,low,3.94,Low
afternoon,urban,2,no,medium,high,3.67,Medium
evening,isolated,8,no,high,high,2.39,Medium
night,rural,10,yes,low,high,4.94,High
night,urban,7,yes,medium,high,1.63,Medium
night,urban,1,yes,high,medium,1.44,Low
afternoon,urban,2,no,low,medium,1.72,Medium
evening,isolated,6,yes,low,low,3.53,High
afternoon,urban,3,no,high,low,2.41,Medium
night,rural,10,yes,low,low,1.38,High
morning,isolated,9,yes,medium,medium,2.92,Medium
night,urban,0,no,medium,low,4.43,High
morning,urban,10,no,medium,high,1.56,Medium
night,urban,3,yes,medium,high,4.81,Medium
afternoon,rural,8,yes,medium,high,1.2,Low
evening,urban,9,no,low,low,3.23,High
morning,isolated,5,yes,high,high,1.83,Low
night,rural,7,no,medium,low,0.73,High
morning,rural,1,no,high,high,3.07,Low
morning,isolated,8,no,medium,medium,1.4,Medium
evening,isolated,4,no,high,high,3.07,Medium
evening,isolated,5,no,medium,medium,3.91,High
evening,isolated,0,no,low,low,0.92,Medium
morning,rural,3,yes,high,high,2.27,Low
evening,isolated,0,yes,medium,high,1.39,Low
morning,urban,0,no,high,high,2.45,Low
night,urban,1,no,high,high,0.47,Medium
morning,urban,3,no,high,high,4.01,Low
morning,isolated,10,no,high,low,3.28,High
evening,rural,7,yes,low,high,1.68,Medium
afternoon,isolated,8,no,high,high,3.76,Medium
morning,urban,2,yes,low,medium,3.82,Medium
afternoon,isolated,2,no,low,high,3.92,Medium
afternoon,rural,1,no,low,low,3.84,High
evening,isolated,9,yes,high,medium,1.42,Medium
evening,rural,3,no,high,low,3.74,Medium
afternoon,isolated,4,yes,medium,high,1.68,Low
morning,urban,2,no,high,medium,2.38,Low
morning,urban,4,yes,high,high,0.62,Low
night,urban,6,no,medium,low,4.72,High
evening,rural,3,no,low,medium,2.11,Medium
night,urban,8,no,low,medium,3.52,High
morning,rural,9,yes,medium,medium,3.49,Medium
afternoon,isolated,0,yes,high,medium,3.81,Low
evening,isolated,9,no,high,low,1.16,High
evening,isolated,4,yes,medium,low,4.04,Medium
evening,rural,0,no,high,low,1.67,Medium
afternoon,isolated,0,yes,medium,medium,1.66,Low
evening,isolated,8,yes,medium,low,3.15,High
afternoon,urban,10,no,medium,medium,1.35,Medium
night,urban,7,no,medium,low,1.41,High
morning,rural,8,yes,low,low,1.47,Medium
morning,isolated,1,yes,high,low,3.62,Low
morning,urban,7,no,high,medium,1.28,Medium
morning,isolated,7,yes,high,low,2.39,Medium
night,urban,3,no,medium,medium,3.9,High
morning,rural,0,no,high,medium,2.8,Low
afternoon,urban,2,no,medium,medium,3.12,Medium
night,rural,8,yes,high,medium,4.56,High
evening,urban,10,yes,low,low,3.93,High
afternoon,urban,7,yes,low,low,1.96,Medium
night,urban,5,no,medium,high,3.01,High
evening,isolated,2,no,medium,low,4.31,High
evening,urban,4,no,medium,high,0.91,Medium
morning,rural,8,yes,medium,medium,3.49,Medium
night,rural,5,no,low,low,3.38,High
evening,isolated,0,yes,low,high,4.12,Medium
night,rural,0,no,low,medium,3.2,High
evening,rural,2,yes,high,low,2.57,Low
afternoon,urban,2,no,high,high,4.33,Low
evening,urban,0,no,medium,low,4.31,High
morning,rural,8,yes,low,medium,2.81,Medium
afternoon,rural,7,yes,low,medium,2.72,Medium
afternoon,urban,8,yes,low,high,4.95,Medium
morning,urban,5,no,high,high,0.65,Low
afternoon,rural,4,yes,low,low,3.3,Medium
morning,urban,7,no,low,medium,4.57,High
afternoon,urban,1,no,medium,medium,1.99,Low
morning,isolated,7,no,low,low,3.88,High
afternoon,rural,2,yes,medium,high,1.39,Low
morning,isolated,4,no,medium,medium,0.35,Medium
evening,isolated,9,yes,medium,high,3.71,Medium
night,urban,3,yes,high,high,2.59,Low
night,rural,7,no,low,high,2.91,High
night,rural,7,no,medium,low,0.64,High
night,isolated,0,no,high,high,3.35,Medium
morning,isolated,9,no,high,high,1.38,Medium
afternoon,isolated,0,no,medium,low,2.22,Medium
afternoon,rural,3,yes,low,high,1.5,Low
night,isolated,4,no,high,high,1.66,Medium
evening,urban,7,no,low,medium,3.9,High
afternoon,urban,10,yes,high,high,1.71,Low
night,urban,7,yes,medium,medium,1.83,Medium
afternoon,rural,8,no,high,high,4.47,Medium
morning,urban,7,yes,high,medium,1.51,Low
night,rural,2,yes,high,low,2.95,Medium
afternoon,urban,3,no,high,high,1.41,Low
morning,rural,2,no,high,high,3.11,Low
night,urban,1,yes,high,high,4.47,Medium
evening,rural,3,yes,medium,low,0.6,Low
afternoon,rural,9,no,high,medium,0.29,Medium
night,isolated,7,no,medium,medium,4.28,High
evening,urban,4,yes,medium,medium,3.27,Medium
afternoon,rural,1,no,high,low,4.22,Medium
evening,urban,0,yes,high,low,4.55,Medium
night,rural,3,no,high,medium,3.79,High
night,rural,8,yes,low,high,2.55,High
evening,isolated,1,yes,medium,medium,1.59,Low
night,urban,3,no,medium,high,1.57,Medium
morning,rural,7,no,high,high,3.75,Medium
afternoon,urban,2,yes,low,high,4.93,Low
evening,rural,7,yes,low,low,3.66,High
evening,urban,3,yes,medium,medium,3.84,Medium
evening,rural,9,yes,medium,high,4.3,Medium
afternoon,urban,7,no,low,high,3.48,High
morning,isolated,0,no,high,low,1.69,Low
evening,urban,9,yes,low,medium,3.36,High
afternoon,rural,8,no,high,low,4.31,High
evening,rural,8,yes,medium,low,2.99,Medium
night,isolated,6,no,high,medium,4.78,High
morning,urban,0,no,high,high,4.01,Low
night,isolated,0,yes,high,low,1.56,Medium
night,urban,1,yes,high,high,2.58,Low
afternoon,isolated,3,yes,medium,high,1.43,Low
morning,rural,1,yes,medium,low,2.42,Low
evening,rural,8,no,medium,medium,5.0,High
night,rural,0,no,medium,low,1.6,High
afternoon,rural,1,yes,high,low,1.98,Low
evening,urban,4,no,low,low,2.58,High
morning,urban,8,yes,medium,high,3.13,Medium
evening,rural,5,yes,low,low,3.29,High
evening,isolated,10,yes,high,high,3.03,Medium
night,urban,7,no,high,low,4.15,High
night,urban,5,yes,medium,medium,2.45,Medium
evening,isolated,4,no,high,medium,1.4,Medium
morning,urban,7,yes,medium,low,3.9,Medium
night,urban,6,no,low,low,4.03,High
night,rural,10,yes,low,medium,3.01,High
morning,isolated,4,no,low,low,3.36,High
evening,urban,8,yes,high,high,0.89,Low
afternoon,urban,3,no,medium,medium,2.77,Medium
morning,isolated,1,no,medium,low,1.1,Medium
evening,urban,9,no,high,low,0.64,High
evening,urban,3,no,high,high,4.12,Medium
night,isolated,4,yes,medium,high,4.81,Medium
night,urban,0,yes,medium,low,4.1,High
evening,isolated,8,no,medium,high,0.29,Medium
afternoon,rural,5,yes,medium,high,0.56,Low
afternoon,rural,5,no,medium,high,2.32,Medium
evening,isolated,9,no,high,low,2.64,High
evening,rural,1,no,medium,low,3.79,High
evening,urban,4,yes,low,low,3.99,High
night,urban,7,yes,low,high,1.42,Medium
morning,isolated,6,yes,medium,high,3.22,Medium
morning,isolated,3,no,low,high,2.65,Medium
afternoon,isolated,1,yes,medium,medium,3.86,Low
evening,isolated,5,yes,high,low,0.23,Low
evening,isolated,7,yes,high,low,2.89,Medium
evening,isolated,3,yes,low,high,1.3,Low
afternoon,rural,1,no,medium,high,4.03,Medium
morning,isolated,0,no,medium,high,4.56,Medium
evening,urban,7,no,high,medium,2.76,Medium
evening,urban,0,yes,medium,high,1.75,Low
night,rural,8,yes,high,low,3.04,High
morning,urban,4,no,medium,low,3.26,High
morning,rural,9,yes,medium,medium,3.24,Medium
night,isolated,1,yes,medium,low,1.85,Medium
evening,urban,4,no,medium,low,1.83,Medium
night,rural,7,no,medium,low,0.62,High
morning,rural,10,no,medium,medium,4.0,High
afternoon,rural,5,yes,medium,low,3.88,Medium
evening,urban,2,yes,medium,high,0.51,Low
morning,rural,7,yes,low,medium,4.92,Medium
afternoon,urban,6,no,medium,high,2.59,Medium
night,isolated,3,yes,medium,medium,0.32,Medium
night,isolated,5,no,low,medium,0.98,High
morning,rural,5,yes,high,high,3.86,Low
night,urban,8,yes,medium,low,4.57,High
morning,rural,6,yes,medium,high,2.68,Low
evening,rural,1,no,medium,high,3.03,Medium
evening,urban,0,yes,low,high,2.42,Low
morning,urban,8,no,low,low,2.86,High
morning,rural,9,no,high,medium,2.24,Medium
night,rural,3,no,high,low,2.46,High
afternoon,isolated,1,yes,low,high,2.93,Low
night,isolated,4,no,medium,low,2.43,High
evening,isolated,5,yes,high,medium,0.46,Low
afternoon,rural,1,no,medium,low,3.3,Medium
night,urban,0,no,high,medium,0.28,Medium
night,urban,8,no,medium,low,4.24,High
morning,isolated,10,no,medium,high,2.77,Medium
night,isolated,7,yes,medium,high,3.57,High
morning,urban,4,yes,low,high,0.46,Low
evening,isolated,7,no,medium,medium,0.33,Medium
evening,rural,10,no,low,medium,0.59,High
night,isolated,8,no,medium,medium,1.7,High
evening,rural,0,yes,high,low,0.73,Low
evening,isolated,2,no,medium,low,4.4,High
night,urban,10,yes,low,low,1.43,High
morning,isolated,9,yes,low,high,2.66,Medium
evening,rural,5,yes,high,low,4.43,Medium
evening,rural,9,yes,medium,high,4.55,Medium
night,urban,1,no,low,high,3.2,High
afternoon,rural,4,yes,high,medium,3.73,Low
evening,urban,3,yes,high,low,1.81,Low
morning,rural,6,yes,medium,medium,3.69,Medium
afternoon,isolated,1,no,low,high,3.67,Medium
evening,rural,0,no,low,medium,2.94,Medium
morning,rural,1,no,high,low,3.18,Medium
night,rural,1,yes,medium,medium,2.09,Medium
morning,urban,3,no,low,low,3.79,High
evening,rural,4,no,high,high,3.92,Medium
afternoon,urban,5,no,high,medium,3.18,Medium
night,rural,1,no,high,medium,2.64,Medium
afternoon,rural,5,yes,high,high,4.53,Low
morning,urban,7,no,medium,medium,4.23,High
afternoon,urban,5,yes,low,medium,2.62,Medium
night,isolated,3,yes,low,medium,2.11,Medium
morning,urban,3,yes,low,medium,4.07,Medium
morning,urban,1,yes,low,low,2.16,Medium
evening,rural,10,no,medium,high,2.63,High
night,urban,9,no,high,low,1.84,High
night,urban,9,yes,high,medium,1.9,Medium
night,isolated,8,no,low,high,3.56,High
afternoon,urban,4,no,low,high,3.58,Medium
afternoon,urban,6,no,medium,medium,3.16,High
night,rural,2,no,low,medium,3.88,High
afternoon,urban,6,yes,high,medium,2.87,Low
morning,rural,8,yes,medium,low,3.09,Medium
night,isolated,10,no,low,medium,3.5,High
night,isolated,7,yes,high,high,4.22,Medium
night,urban,3,no,low,high,2.7,High
morning,isolated,1,no,low,medium,0.54,Medium
evening,isolated,4,no,medium,low,2.81,High
morning,urban,3,yes,medium,low,4.24,Medium
evening,rural,6,yes,low,medium,4.58,High
afternoon,urban,6,yes,high,medium,0.21,Low
afternoon,urban,3,no,high,medium,1.98,Low
morning,rural,1,yes,low,low,0.4,Low
evening,rural,1,no,high,high,3.4,Medium
afternoon,urban,2,yes,high,high,1.24,Low
evening,isolated,0,yes,low,low,1.31,Medium
morning,isolated,8,yes,low,medium,1.34,Medium
afternoon,isolated,6,yes,high,low,1.81,Low
evening,isolated,6,yes,high,low,1.16,Medium
afternoon,rural,3,yes,high,low,1.78,Low
evening,rural,6,yes,medium,high,2.45,Medium
night,urban,3,yes,low,medium,3.35,High
morning,isolated,5,yes,low,low,0.9,Medium
night,rural,10,yes,medium,medium,4.19,High
afternoon,isolated,1,yes,high,low,3.75,Low
evening,urban,3,no,high,low,2.96,Medium
night,isolated,8,yes,medium,high,3.2,High
evening,rural,5,no,low,medium,4.51,High
evening,isolated,1,yes,low,medium,2.65,Medium
morning,rural,5,yes,high,medium,2.21,Low
evening,rural,2,yes,high,low,4.74,Medium
afternoon,rural,7,no,high,high,2.67,Medium
night,rural,9,no,high,medium,2.68,High
night,urban,0,yes,medium,medium,4.8,Medium
morning,isolated,6,no,medium,high,4.36,Medium
night,isolated,9,yes,high,medium,4.24,High
night,rural,0,no,medium,medium,2.99,High
morning,urban,6,yes,medium,high,1.33,Low
afternoon,isolated,0,yes,high,medium,3.39,Low
night,urban,7,yes,high,medium,1.1,Medium
afternoon,rural,4,no,high,medium,4.42,Medium
evening,urban,2,yes,low,low,4.5,Medium
night,isolated,9,yes,medium,medium,1.6,High
night,rural,6,no,high,medium,4.91,High
morning,isolated,0,yes,low,low,0.9,Low
afternoon,isolated,10,no,medium,medium,1.13,Medium
morning,isolated,7,yes,high,medium,1.67,Low
morning,isolated,1,no,low,medium,0.2,Medium
morning,urban,5,yes,high,low,4.17,Medium
morning,urban,2,yes,medium,high,4.18,Low
morning,rural,5,yes,low,medium,4.78,Medium
night,isolated,5,yes,medium,high,2.04,Medium
afternoon,rural,0,no,medium,high,2.43,Low
night,isolated,9,no,high,high,2.02,High
morning,rural,8,no,low,low,4.1,High
afternoon,urban,5,no,high,high,0.7,Low
night,rural,3,yes,medium,low,0.85,Medium
afternoon,urban,1,no,low,low,2.61,Medium
morning,isolated,5,yes,high,medium,2.96,Low
evening,isolated,7,no,low,high,1.1,Medium
night,isolated,2,no,low,medium,0.56,High
afternoon,isolated,3,no,low,medium,2.57,Medium
night,isolated,5,yes,medium,high,2.76,Medium
night,isolated,4,yes,medium,low,2.53,High
afternoon,rural,2,no,high,high,2.04,Low
evening,urban,9,yes,low,high,1.45,Medium
afternoon,isolated,0,yes,low,high,3.51,Low
afternoon,isolated,0,no,medium,high,2.32,Low
morning,isolated,2,no,medium,high,3.18,Medium
night,rural,4,yes,low,low,0.81,High
morning,urban,7,yes,medium,high,0.75,Low
night,urban,8,no,medium,low,1.46,High
afternoon,isolated,1,yes,low,high,2.42,Low
morning,rural,7,no,medium,medium,1.21,Medium
morning,isolated,4,yes,high,medium,3.36,Low
afternoon,isolated,7,yes,high,high,4.38,Low
evening,urban,3,no,high,high,2.39,Low
afternoon,rural,8,yes,high,low,0.75,Low
night,rural,10,no,high,medium,0.7,High
morning,isolated,6,yes,medium,high,2.44,Low
night,rural,2,yes,high,high,4.66,Medium
night,rural,0,yes,high,low,3.48,Medium
morning,isolated,1,no,high,medium,0.66,Low
evening,rural,6,no,low,medium,2.25,High
morning,urban,8,no,low,high,1.89,Medium
morning,urban,3,no,low,high,0.77,Low
evening,urban,9,no,low,low,2.0,High
evening,rural,7,no,medium,high,3.78,High
night,urban,7,no,low,high,0.21,High
afternoon,isolated,6,no,high,medium,1.98,Medium
morning,isolated,8,no,medium,medium,0.46,Medium
afternoon,isolated,7,yes,medium,low,1.03,Medium
morning,isolated,8,no,medium,low,2.64,High
evening,rural,8,no,low,low,0.98,High
night,urban,6,yes,medium,high,0.7,Medium
morning,urban,0,yes,low,high,2.3,Low
night,isolated,4,no,high,medium,4.21,High
night,rural,3,yes,high,low,3.93,Medium
morning,urban,2,no,high,high,1.14,Low
evening,rural,3,no,low,medium,3.08,High
night,urban,7,yes,low,low,0.99,High
afternoon,rural,5,no,high,medium,1.92,Low
afternoon,isolated,9,yes,medium,high,2.6,Medium
morning,isolated,6,no,medium,high,2.71,Medium
night,urban,7,yes,high,medium,3.53,High
afternoon,isolated,1,yes,high,high,0.48,Low
night,rural,4,no,medium,low,4.67,High
evening,urban,4,no,medium,low,3.42,High
morning,urban,7,yes,high,high,2.39,Low
night,rural,9,no,low,high,1.25,High
morning,isolated,6,no,high,high,2.72,Medium
night,urban,0,yes,high,high,0.49,Low
morning,isolated,5,yes,high,low,0.47,Low
afternoon,rural,9,yes,low,medium,1.53,Medium
evening,urban,8,no,high,high,3.96,Medium
evening,rural,2,no,medium,medium,0.74,Medium
night,isolated,10,no,low,high,4.65,High
night,isolated,3,no,low,high,4.32,High
morning,rural,10,yes,medium,high,1.21,Low
night,rural,3,no,high,low,1.98,Medium
afternoon,isolated,8,yes,high,high,0.79,Low
morning,rural,5,no,medium,high,0.57,Low
morning,rural,8,yes,medium,high,3.65,Medium
evening,urban,4,yes,low,low,3.82,High
evening,rural,4,yes,high,medium,3.56,Medium
night,urban,10,yes,medium,high,1.88,Medium
night,rural,6,yes,medium,low,2.95,High
night,isolated,0,no,high,high,3.75,Medium
evening,rural,6,no,medium,high,1.59,Medium
evening,isolated,6,no,low,low,0.48,High
evening,isolated,1,no,medium,high,1.34,Low
afternoon,rural,5,no,medium,medium,4.37,Medium
afternoon,urban,6,no,high,low,0.4,Medium
afternoon,isolated,6,yes,low,high,4.49,Medium
morning,rural,7,no,medium,medium,4.38,High
night,urban,1,no,low,medium,4.42,High
night,isolated,7,no,high,low,1.26,High
morning,isolated,4,yes,medium,medium,1.08,Low
evening,urban,3,yes,high,medium,2.4,Low
night,urban,3,no,high,high,2.07,Medium
morning,rural,2,yes,low,low,2.97,Medium
night,isolated,1,yes,medium,high,0.59,Low
morning,urban,10,yes,low,high,0.57,Medium
night,isolated,3,yes,medium,high,0.24,Low
afternoon,isolated,8,yes,medium,medium,2.11,Medium
night,isolated,6,yes,low,low,1.77,High
night,rural,1,no,medium,low,3.06,High
morning,urban,3,yes,high,high,3.12,Low
night,rural,5,no,medium,low,2.79,High
night,isolated,4,no,high,medium,4.59,High
afternoon,urban,10,no,medium,high,4.98,High
night,isolated,9,yes,low,low,0.35,High
night,urban,3,yes,low,medium,1.31,Medium
night,isolated,9,no,medium,high,4.79,High
morning,urban,8,yes,medium,medium,4.37,Medium
evening,urban,9,yes,high,medium,2.73,Medium
evening,isolated,7,yes,medium,medium,1.68,Medium
afternoon,urban,4,yes,high,high,0.99,Low
morning,urban,4,yes,low,high,3.09,Medium
evening,urban,8,yes,high,high,1.63,Low
afternoon,urban,4,yes,medium,low,0.46,Low
morning,isolated,8,no,low,high,4.31,High
evening,urban,10,no,low,low,3.61,High
morning,isolated,0,yes,high,high,1.45,Low
night,urban,1,yes,low,low,0.34,Medium
night,urban,6,yes,high,medium,3.88,High
night,rural,2,yes,medium,high,2.68,Medium
morning,urban,3,yes,low,medium,3.9,Medium
night,rural,6,no,high,high,0.63,Medium
night,rural,2,no,high,high,0.88,Medium
night,isolated,10,yes,medium,medium,2.84,High
morning,rural,8,yes,low,high,0.36,Low
evening,rural,8,yes,medium,low,0.86,Medium
afternoon,isolated,0,yes,high,high,2.87,Low
evening,isolated,4,no,medium,high,0.75,Medium
evening,rural,3,no,low,medium,2.79,Medium
evening,isolated,0,yes,high,low,4.43,Medium
evening,isolated,2,no,medium,low,3.84,High
afternoon,urban,5,no,low,high,0.59,Medium
morning,urban,5,no,low,high,2.95,Medium
afternoon,rural,8,no,low,high,1.48,Medium
afternoon,isolated,1,no,high,medium,4.53,Medium
morning,rural,7,yes,high,high,2.67,Low
night,urban,6,no,medium,low,3.47,High
morning,isolated,8,no,low,medium,1.06,Medium
evening,isolated,7,yes,medium,low,3.38,High
morning,isolated,3,no,medium,medium,4.73,Medium
afternoon,rural,3,yes,medium,low,4.89,Medium
afternoon,rural,9,yes,high,high,3.98,Medium
morning,rural,5,no,low,medium,3.25,High
morning,isolated,10,yes,low,low,0.63,Medium
morning,rural,8,no,low,low,1.49,High
night,rural,0,no,high,low,4.55,High
morning,rural,4,yes,low,low,1.24,Medium
morning,urban,0,no,high,high,3.66,Low
evening,rural,1,yes,high,high,4.04,Low
morning,isolated,8,no,low,high,1.99,Medium
morning,isolated,1,yes,low,low,3.88,Medium
night,urban,4,no,low,high,3.96,High
morning,isolated,9,yes,low,low,4.48,High
night,rural,5,yes,high,low,1.24,Medium
afternoon,isolated,8,yes,low,low,1.98,Medium
night,isolated,2,yes,high,low,1.28,Medium
afternoon,urban,4,no,high,high,0.23,Low
morning,isolated,7,yes,high,medium,3.15,Medium
morning,isolated,10,no,medium,high,2.31,Medium
evening,rural,0,yes,medium,low,3.38,Medium
morning,urban,7,no,low,high,3.86,High
morning,urban,7,yes,low,medium,2.79,Medium
night,isolated,8,no,high,low,1.69,High
night,urban,6,yes,high,high,3.52,Medium
afternoon,rural,8,no,high,medium,3.51,Medium
afternoon,isolated,8,no,high,low,0.24,Medium
morning,isolated,1,no,medium,medium,3.07,Medium
evening,urban,0,yes,medium,medium,1.07,Low
night,urban,0,yes,medium,low,1.75,Medium
morning,rural,6,yes,medium,low,1.27,Medium
evening,isolated,6,no,low,medium,2.62,High
night,isolated,4,yes,low,high,1.02,Medium
morning,urban,9,yes,high,medium,1.52,Low
morning,rural,4,no,medium,high,0.4,Low
evening,urban,8,no,low,low,2.54,High
morning,urban,3,no,low,high,0.89,Low
afternoon,rural,10,no,medium,medium,2.47,High
afternoon,urban,6,no,low,medium,4.54,High
afternoon,isolated,6,no,medium,high,1.01,Medium
night,isolated,0,yes,high,low,1.35,Medium
night,rural,8,no,high,medium,1.86,High
evening,rural,0,yes,low,high,3.83,Medium
afternoon,isolated,10,yes,medium,medium,3.23,Medium
evening,rural,0,yes,high,high,1.06,Low
night,urban,6,no,medium,low,3.74,High
afternoon,rural,4,no,low,medium,1.92,Medium
evening,rural,6,no,high,low,2.46,High
night,isolated,10,yes,low,high,2.93,High
evening,rural,2,no,low,low,2.08,High
afternoon,urban,10,yes,medium,low,4.85,High
night,rural,0,no,high,low,1.89,Medium
evening,rural,3,no,low,medium,4.81,High
evening,isolated,0,no,medium,low,3.81,High
evening,rural,9,yes,high,high,0.88,Low
evening,urban,9,yes,low,high,2.45,Medium
morning,isolated,7,yes,medium,high,4.05,Medium
afternoon,urban,5,yes,low,low,2.49,Medium
evening,isolated,1,yes,high,low,4.13,Medium
morning,urban,1,no,medium,high,2.57,Low
night,isolated,9,no,medium,low,4.28,High
night,rural,3,yes,low,high,4.3,Medium
night,urban,6,no,low,high,4.03,High
night,rural,6,no,high,medium,0.4,High
afternoon,isolated,7,no,high,high,3.45,Medium
afternoon,rural,10,yes,high,medium,3.09,Medium
afternoon,isolated,9,yes,high,medium,3.38,Medium
night,isolated,3,yes,low,medium,4.54,High
morning,rural,10,no,low,medium,0.37,High
night,rural,3,yes,medium,high,1.21,Low
night,rural,6,no,low,low,4.64,High
afternoon,urban,3,yes,medium,high,4.04,Low
afternoon,urban,6,no,medium,medium,4.9,High
afternoon,rural,1,no,low,medium,3.78,Medium
night,isolated,6,no,medium,medium,4.8,High
night,rural,8,no,medium,medium,3.44,High
morning,urban,6,no,low,high,3.9,High
afternoon,isolated,2,yes,high,low,3.6,Low
afternoon,isolated,7,no,medium,medium,1.18,Medium
afternoon,isolated,5,yes,medium,high,4.03,Low
morning,isolated,3,yes,high,high,4.8,Low
night,urban,7,yes,medium,high,3.69,High
morning,rural,6,no,low,high,0.41,Medium
evening,rural,0,no,low,low,3.0,High
morning,rural,9,yes,high,medium,2.14,Medium
evening,urban,10,yes,medium,low,2.39,High
afternoon,urban,8,no,high,low,0.94,Medium
evening,isolated,1,no,low,low,2.96,High
evening,isolated,6,yes,high,medium,3.53,Medium
night,urban,2,no,medium,high,2.51,Medium
afternoon,urban,2,no,medium,low,3.91,Medium
afternoon,isolated,3,yes,low,low,4.11,Medium
night,rural,6,yes,medium,medium,1.93,Medium
morning,urban,6,no,medium,medium,1.39,Medium
evening,rural,2,yes,low,low,3.14,Medium
afternoon,isolated,8,no,medium,high,4.18,Medium
afternoon,isolated,8,no,high,medium,0.75,Medium
night,rural,10,yes,high,high,4.84,High
morning,isolated,3,yes,high,low,0.94,Low
morning,isolated,6,yes,low,low,0.42,Medium
afternoon,urban,0,no,low,high,2.14,Medium
morning,isolated,3,no,medium,low,1.21,Medium
night,rural,0,yes,medium,high,4.26,Medium
afternoon,rural,0,no,medium,medium,2.97,Medium
afternoon,isolated,1,no,high,low,3.25,Medium
night,rural,3,yes,low,high,3.14,Medium
afternoon,urban,3,no,high,high,2.12,Low
night,urban,6,yes,high,low,3.78,High
afternoon,rural,6,yes,high,low,4.84,Medium
evening,isolated,0,no,medium,high,1.49,Low
night,isolated,3,yes,low,low,4.01,High
afternoon,rural,8,no,high,high,0.64,Low
morning,isolated,9,yes,medium,low,1.91,Medium
evening,isolated,4,no,low,low,0.73,High
afternoon,rural,4,no,low,high,0.96,Medium
evening,rural,6,yes,medium,medium,3.42,Medium
afternoon,rural,9,yes,low,medium,4.14,High
morning,isolated,5,no,high,high,0.3,Low
morning,rural,5,yes,high,medium,0.59,Low
night,isolated,4,no,high,high,3.17,High
afternoon,urban,6,no,low,high,4.15,High
afternoon,urban,1,no,high,high,3.5,Low
morning,isolated,7,no,high,medium,1.65,Medium
morning,isolated,6,yes,medium,low,3.39,Medium
evening,rural,0,no,low,low,1.52,Medium
morning,isolated,5,yes,high,low,0.32,Low
night,isolated,4,no,low,low,0.85,High
morning,urban,10,yes,low,high,0.23,Medium
evening,rural,3,no,low,low,2.72,High
morning,isolated,7,no,low,low,4.35,High
evening,isolated,7,yes,high,low,2.64,Medium
evening,isolated,3,no,high,medium,2.47,Medium
morning,urban,2,no,high,medium,3.83,Medium
morning,urban,2,no,medium,low,1.81,Medium
afternoon,urban,0,yes,medium,medium,3.52,Low
evening,isolated,10,yes,low,low,2.94,High
night,urban,7,yes,high,low,3.68,High
afternoon,isolated,10,yes,high,low,1.87,Medium
evening,urban,2,yes,low,low,0.51,Medium
afternoon,rural,5,no,low,low,3.53,High
night,rural,8,no,medium,low,1.87,High
evening,isolated,2,no,medium,high,0.38,Low
night,isolated,8,no,high,medium,1.76,High
evening,rural,0,no,high,high,4.38,Medium
morning,rural,6,no,medium,high,4.88,Medium
morning,rural,0,no,medium,high,4.32,Medium
evening,isolated,5,no,medium,high,4.39,Medium
night,urban,9,yes,medium,high,3.84,High
afternoon,isolated,3,yes,low,low,4.56,Medium
morning,isolated,2,no,high,high,0.44,Low
morning,isolated,5,yes,high,high,0.35,Low
evening,isolated,7,no,medium,medium,0.67,Medium
afternoon,rural,4,yes,medium,low,3.11,Medium
night,urban,0,yes,low,high,1.61,Medium
night,rural,9,no,low,medium,1.37,High
night,isolated,0,yes,high,low,2.11,Medium
evening,rural,2,no,medium,high,2.11,Medium
afternoon,isolated,4,no,medium,medium,3.22,Medium
morning,rural,5,yes,low,low,2.49,Medium
afternoon,isolated,10,yes,high,low,0.88,Medium
afternoon,isolated,0,yes,medium,medium,3.12,Low
morning,rural,7,no,medium,medium,3.53,High
night,urban,2,no,medium,low,4.35,High
morning,isolated,6,no,medium,low,1.14,Medium
afternoon,urban,1,no,high,medium,4.96,Medium
afternoon,urban,10,no,high,low,4.3,High
morning,rural,5,no,high,high,0.27,Low
morning,rural,10,yes,high,medium,3.72,Medium
morning,urban,5,no,low,high,4.22,Medium
night,urban,6,yes,low,high,2.1,High
morning,rural,1,yes,low,low,0.43,Low
morning,rural,0,yes,low,high,2.91,Low
night,isolated,4,no,high,medium,1.98,Medium
night,rural,5,yes,high,medium,0.98,Medium
night,rural,1,no,low,medium,4.87,High
afternoon,urban,10,yes,high,high,2.56,Low
morning,rural,3,no,high,low,4.13,Medium
afternoon,rural,4,no,high,medium,2.82,Medium
morning,urban,2,no,low,high,1.69,Low
night,isolated,6,no,medium,medium,3.41,High
night,rural,2,yes,medium,low,0.31,Medium
night,isolated,6,no,medium,high,3.35,High
evening,rural,8,yes,medium,high,0.24,Low
morning,urban,10,no,high,high,2.81,Medium
night,isolated,2,no,high,high,0.85,Medium
evening,rural,5,no,low,high,4.02,High
afternoon,isolated,1,no,medium,low,0.94,Medium
afternoon,isolated,10,yes,medium,medium,3.63,Medium
morning,rural,4,no,low,low,0.65,Medium
night,urban,1,no,low,low,2.14,High
morning,rural,4,yes,high,low,1.29,Low
night,rural,10,no,high,low,1.17,High
afternoon,rural,10,no,medium,high,4.81,High
evening,rural,7,no,high,medium,0.67,Medium
evening,urban,4,yes,low,low,0.91,Medium
morning,rural,7,yes,high,low,4.52,Medium
afternoon,rural,5,no,low,low,2.03,High
night,isolated,4,yes,medium,low,0.3,Medium
evening,isolated,4,no,low,high,1.11,Medium
evening,isolated,4,yes,high,medium,4.14,Medium
afternoon,rural,0,yes,low,medium,0.47,Low
evening,urban,9,yes,high,high,2.41,Medium
night,rural,7,yes,medium,medium,3.21,High
evening,urban,2,yes,high,medium,4.78,Low
afternoon,rural,3,no,high,medium,4.75,Medium
morning,rural,0,yes,low,low,4.62,Medium
evening,urban,5,yes,low,medium,0.92,Medium
night,isolated,2,no,medium,high,0.86,Medium
morning,rural,1,no,high,high,4.59,Low
night,rural,7,no,medium,high,4.01,High
morning,urban,3,no,low,low,0.93,Medium
morning,urban,6,yes,medium,medium,1.4,Low
evening,isolated,10,no,low,medium,0.66,High
afternoon,rural,1,no,medium,high,4.65,Medium
evening,isolated,10,yes,high,medium,1.09,Medium
night,rural,2,yes,low,medium,1.32,Medium
night,urban,10,no,medium,high,1.18,High
afternoon,urban,0,yes,low,medium,2.24,Low
evening,isolated,7,no,low,medium,5.0,High
afternoon,rural,7,yes,medium,low,0.33,Medium
evening,rural,6,no,medium,low,4.37,High
afternoon,isolated,3,yes,medium,high,2.9,Low
night,isolated,2,no,high,medium,4.95,High
afternoon,rural,2,yes,low,low,0.43,Low
morning,urban,5,yes,high,low,2.15,Low
night,urban,4,no,medium,medium,2.62,High
morning,rural,7,no,low,low,3.28,High
evening,isolated,3,yes,high,high,2.38,Low
morning,urban,7,no,low,low,4.3,High
morning,urban,4,yes,low,low,2.49,Medium
night,isolated,6,yes,high,low,0.48,Medium
evening,isolated,1,no,low,low,1.53,Medium
evening,rural,2,no,high,low,2.52,Medium
evening,rural,5,no,high,medium,1.93,Medium
evening,urban,0,no,high,low,3.58,Medium
afternoon,isolated,0,yes,low,high,4.05,Low
afternoon,rural,5,no,medium,low,1.6,Medium
night,isolated,4,no,low,medium,2.0,High
night,isolated,7,no,low,high,0.77,High
afternoon,rural,8,yes,medium,low,3.79,Medium
afternoon,urban,7,yes,high,medium,4.39,Medium
evening,rural,0,no,medium,high,2.44,Medium
afternoon,urban,9,yes,low,high,3.19,Medium
afternoon,isolated,5,yes,medium,medium,1.69,Low
afternoon,urban,9,yes,medium,medium,0.72,Medium
afternoon,rural,9,yes,high,low,2.27,Medium
evening,isolated,10,yes,low,medium,3.29,High
afternoon,rural,6,no,high,medium,2.72,Medium
afternoon,isolated,2,yes,medium,low,1.87,Low
morning,isolated,3,no,high,medium,1.98,Low
morning,isolated,4,no,high,high,4.69,Medium
afternoon,isolated,6,yes,low,medium,4.44,Medium
evening,urban,1,no,medium,high,1.47,Low
night,isolated,9,yes,low,medium,2.59,High
afternoon,urban,3,yes,high,low,1.03,Low
afternoon,urban,10,no,low,low,2.49,High
afternoon,urban,7,no,high,high,2.11,Medium
evening,rural,5,no,medium,medium,4.43,High
afternoon,isolated,1,yes,low,high,3.07,Low
night,urban,1,no,low,low,3.52,High
night,rural,4,yes,high,low,1.04,Medium
afternoon,rural,9,yes,medium,medium,4.21,Medium
night,urban,7,no,low,medium,4.42,High
evening,rural,6,yes,low,medium,1.54,Medium
afternoon,isolated,6,yes,low,medium,4.79,Medium
night,isolated,9,no,high,high,0.89,High
evening,rural,5,no,medium,high,2.3,Medium
afternoon,urban,0,no,high,low,1.03,Low
afternoon,rural,4,yes,low,low,2.37,Medium
night,urban,7,no,low,medium,2.82,High
night,rural,0,yes,low,medium,0.5,Medium
evening,urban,2,yes,medium,low,0.21,Low
afternoon,urban,1,yes,medium,medium,1.09,Low
afternoon,rural,0,yes,medium,medium,3.08,Low
morning,isolated,3,yes,medium,low,1.96,Low
afternoon,isolated,8,yes,low,high,1.94,Low
afternoon,urban,7,yes,low,medium,3.32,Medium
evening,isolated,2,no,low,high,1.45,Medium
evening,isolated,9,yes,low,high,3.56,High
afternoon,rural,7,no,medium,medium,4.16,High
afternoon,isolated,10,no,low,low,0.35,High
night,rural,8,no,medium,high,0.37,High
evening,rural,7,yes,low,high,0.35,Medium
evening,isolated,7,no,medium,medium,0.29,Medium
night,urban,0,yes,low,high,4.42,Medium
morning,isolated,9,yes,medium,low,3.9,High
afternoon,urban,2,no,low,high,3.91,Medium
afternoon,isolated,1,yes,high,low,2.64,Low
evening,isolated,8,no,medium,high,2.07,Medium
afternoon,rural,8,no,high,medium,2.46,Medium
night,isolated,2,yes,high,medium,2.7,Medium
evening,urban,9,yes,low,medium,2.28,High
afternoon,isolated,6,yes,low,high,4.41,Medium
morning,urban,9,yes,low,medium,4.16,High
morning,isolated,2,yes,low,low,3.59,Medium
night,urban,1,no,low,low,1.32,High
night,urban,8,yes,low,medium,3.45,High
afternoon,urban,8,no,high,low,4.59,High
afternoon,isolated,8,no,low,low,1.27,High
evening,rural,3,yes,medium,high,2.17,Low
morning,rural,2,yes,high,medium,3.44,Low
morning,rural,10,no,low,medium,1.51,High
afternoon,rural,2,no,medium,medium,1.47,Low
evening,urban,8,no,low,medium,1.55,High
morning,urban,6,yes,low,low,4.71,High
morning,urban,2,no,low,medium,0.32,Medium
afternoon,isolated,4,no,high,medium,0.21,Low
evening,rural,9,no,high,medium,2.5,High
afternoon,urban,9,yes,high,high,4.99,Medium
afternoon,isolated,5,no,high,medium,2.99,Medium
evening,isolated,4,no,low,medium,2.27,High
morning,rural,3,yes,high,low,0.42,Low
morning,urban,6,no,high,low,3.95,High
night,urban,3,no,high,low,0.27,Medium
evening,urban,7,no,medium,medium,1.81,Medium
evening,urban,1,yes,medium,low,4.33,Medium
afternoon,urban,6,yes,medium,medium,2.98,Medium
evening,isolated,0,yes,high,low,3.81,Medium
evening,urban,5,yes,high,medium,0.52,Low
afternoon,urban,7,yes,high,medium,4.62,Medium
afternoon,isolated,0,yes,high,medium,3.62,Low
night,urban,2,no,high,medium,2.39,Medium
afternoon,urban,1,yes,medium,high,2.94,Low
afternoon,isolated,6,yes,medium,medium,1.57,Low
night,rural,2,no,high,high,4.43,Medium
evening,urban,1,no,medium,low,1.92,Medium
evening,isolated,8,no,low,high,4.8,High
afternoon,urban,4,yes,medium,high,4.61,Low
night,isolated,8,yes,high,medium,1.36,Medium
afternoon,isolated,3,no,medium,high,3.39,Medium
morning,rural,7,yes,low,high,3.0,Medium
morning,rural,3,no,high,high,2.09,Low
night,rural,7,yes,low,high,1.96,Medium
evening,rural,8,no,medium,high,0.97,Medium
morning,urban,0,no,medium,low,0.53,Medium
afternoon,urban,9,no,medium,high,0.7,Medium
evening,isolated,10,yes,high,medium,4.73,Medium
evening,urban,10,no,medium,medium,3.96,High
afternoon,rural,3,no,high,medium,4.09,Medium
afternoon,isolated,0,no,low,high,3.58,Medium
morning,urban,3,no,high,high,4.24,Low
night,urban,1,no,medium,low,0.87,High
evening,isolated,2,no,high,high,1.18,Low
afternoon,isolated,7,yes,high,low,2.92,Medium
afternoon,rural,7,yes,high,high,1.64,Low
night,isolated,2,no,low,high,2.62,High
afternoon,urban,2,yes,high,medium,4.1,Low
morning,urban,8,no,high,medium,4.48,Medium
morning,isolated,4,no,medium,high,4.6,Medium
night,isolated,5,no,high,low,0.49,High
evening,isolated,2,no,low,high,4.93,Medium
afternoon,isolated,5,yes,medium,low,2.05,Medium
night,urban,0,yes,medium,high,2.25,Medium
afternoon,urban,7,yes,medium,high,0.81,Low
morning,isolated,7,no,low,medium,4.81,High
afternoon,isolated,4,no,low,high,3.68,Medium
afternoon,isolated,0,yes,low,low,1.94,Low
morning,isolated,1,yes,high,medium,3.99,Low
evening,isolated,1,no,medium,medium,1.82,Medium
night,isolated,9,no,high,medium,1.77,High
morning,rural,4,yes,low,low,3.41,Medium
night,urban,8,yes,low,low,4.83,High
night,isolated,10,yes,medium,low,3.71,High
morning,rural,6,yes,medium,low,1.14,Medium
morning,urban,1,yes,medium,high,2.92,Low
morning,isolated,7,yes,medium,medium,1.51,Low
afternoon,rural,2,no,low,low,4.78,High
night,urban,0,no,medium,medium,0.95,Medium
evening,urban,6,yes,high,medium,2.92,Medium
morning,urban,0,no,high,low,0.2,Low
afternoon,isolated,2,no,high,medium,2.77,Low
night,urban,0,yes,high,high,1.33,Low
night,rural,10,yes,medium,low,1.43,High
night,isolated,10,yes,medium,medium,1.02,High
night,urban,10,no,medium,low,2.9,High
afternoon,urban,8,no,high,high,2.09,Medium
evening,isolated,2,no,low,medium,3.69,High
evening,rural,0,no,medium,low,0.75,Medium
morning,rural,4,no,low,low,1.77,Medium
night,urban,3,no,high,medium,0.76,Medium
morning,rural,0,no,high,high,0.77,Low
night,isolated,8,yes,high,high,3.58,Medium
evening,rural,10,yes,high,low,2.2,Medium
afternoon,isolated,3,no,low,low,1.16,Medium
morning,urban,10,yes,medium,medium,1.98,Medium
night,rural,9,no,high,low,1.2,High
evening,rural,10,no,low,low,1.78,High
evening,rural,2,no,high,medium,2.29,Medium
afternoon,urban,6,yes,high,low,0.81,Low
afternoon,urban,9,no,high,low,2.18,High
morning,urban,7,yes,low,low,1.91,Medium
morning,urban,4,no,low,low,4.33,High
night,rural,3,yes,medium,low,4.92,High
night,urban,8,no,high,low,0.36,High
morning,rural,3,no,medium,medium,0.48,Low
afternoon,rural,7,yes,medium,medium,4.16,Medium
afternoon,urban,7,no,high,high,3.05,Medium
night,urban,6,yes,medium,low,1.02,High
night,isolated,10,no,high,medium,4.22,High
morning,isolated,7,no,high,high,4.96,Medium
evening,isolated,0,yes,medium,low,0.56,Low
afternoon,isolated,3,no,medium,medium,4.21,Medium
morning,isolated,7,no,low,high,0.52,Medium
morning,urban,3,no,high,medium,2.18,Low
afternoon,urban,3,yes,medium,high,4.28,Low
night,urban,10,yes,high,low,4.77,High
night,urban,9,no,medium,high,4.33,High
evening,isolated,9,yes,low,low,1.94,High
afternoon,isolated,7,no,low,medium,3.68,High
afternoon,rural,10,no,medium,high,4.97,High
evening,rural,0,yes,low,medium,0.59,Low
evening,urban,6,no,medium,low,4.85,High
evening,urban,2,yes,low,medium,2.62,Medium
afternoon,rural,6,yes,low,low,1.15,Medium
afternoon,isolated,7,no,high,low,3.44,High
evening,isolated,7,yes,low,low,3.85,High
evening,urban,7,no,low,medium,2.82,High
morning,isolated,9,no,medium,medium,1.49,Medium
morning,isolated,9,no,medium,medium,3.32,High
night,rural,4,yes,low,medium,1.25,Medium
evening,urban,9,no,high,high,3.85,High
night,rural,10,yes,medium,low,4.03,High
evening,urban,4,yes,medium,high,4.14,Medium
afternoon,urban,7,yes,medium,medium,4.94,Medium
night,urban,5,no,medium,low,0.99,High
night,rural,8,no,medium,low,3.19,High
evening,urban,3,yes,low,high,4.59,Medium
evening,rural,8,yes,low,high,1.82,Medium
afternoon,isolated,8,yes,high,medium,3.07,Medium
night,rural,5,no,low,low,4.73,High
afternoon,rural,6,no,low,low,0.96,High
morning,isolated,3,no,high,high,3.21,Low
night,isolated,5,yes,medium,high,1.31,Medium
evening,urban,3,no,low,low,2.77,High
afternoon,rural,10,yes,low,low,1.39,Medium
evening,isolated,2,no,low,high,0.95,Medium
afternoon,isolated,9,no,low,low,1.12,High
evening,isolated,7,no,high,medium,0.37,Medium
evening,urban,7,yes,low,high,1.17,Medium
afternoon,rural,3,no,medium,high,4.52,Medium
evening,rural,0,yes,high,medium,0.84,Low
evening,isolated,5,no,high,low,4.94,High
evening,urban,5,no,low,high,2.6,Medium
night,isolated,6,no,medium,high,4.44,High
morning,urban,5,yes,high,medium,1.12,Low
morning,urban,6,yes,high,high,2.27,Low
night,urban,5,no,medium,high,1.85,Medium
evening,isolated,6,yes,low,high,2.47,Medium
night,rural,7,no,low,high,3.26,High
afternoon,rural,3,yes,low,medium,1.14,Low
evening,rural,1,yes,high,high,2.54,Low
morning,urban,9,yes,high,high,1.7,Low
night,urban,0,yes,high,high,3.9,Medium
night,rural,0,yes,high,low,1.82,Medium
afternoon,urban,7,yes,high,low,1.01,Low
morning,isolated,1,yes,low,high,1.17,Low
afternoon,rural,4,no,high,medium,3.82,Medium
evening,rural,3,yes,low,medium,3.81,Medium
night,urban,10,no,medium,high,3.84,High
night,urban,4,no,low,high,4.16,High
afternoon,urban,8,no,high,high,3.18,Medium
afternoon,urban,10,yes,low,medium,3.42,High
afternoon,urban,6,yes,low,high,0.5,Low
evening,rural,0,yes,low,high,2.83,Low
morning,isolated,5,yes,high,high,0.27,Low
night,rural,3,no,high,low,2.14,High
morning,isolated,5,no,high,low,0.86,Medium
afternoon,rural,0,yes,high,medium,2.34,Low
evening,isolated,6,yes,high,high,1.42,Low
evening,rural,10,no,medium,high,1.41,Medium
night,rural,6,no,high,medium,0.79,High
morning,urban,5,no,low,low,3.72,High
afternoon,rural,8,yes,high,high,4.85,Low
evening,rural,6,no,medium,low,1.57,High
evening,urban,6,no,low,medium,1.36,High
morning,isolated,7,yes,medium,high,1.36,Low
afternoon,rural,9,yes,low,high,3.32,Medium
morning,isolated,9,yes,low,high,1.33,Medium
afternoon,rural,1,yes,medium,medium,4.26,Low
evening,isolated,8,no,high,high,3.84,Medium
night,rural,5,no,medium,medium,2.13,High
evening,isolated,0,yes,high,medium,3.68,Low
evening,isolated,4,no,low,medium,2.85,High
morning,urban,2,no,low,medium,1.03,Medium
morning,isolated,9,no,high,medium,2.74,Medium
evening,urban,4,no,low,low,4.02,High
night,urban,3,no,low,high,2.28,High
afternoon,urban,10,no,low,low,0.9,High
afternoon,urban,2,yes,high,high,2.34,Low
evening,isolated,10,yes,medium,medium,3.68,High
afternoon,rural,9,yes,low,low,4.25,High
morning,urban,0,yes,high,low,4.22,Low
evening,urban,5,yes,medium,low,3.24,Medium
night,rural,5,yes,low,high,4.29,High
night,urban,0,yes,low,low,0.71,Medium
afternoon,urban,3,no,low,medium,3.14,Medium
afternoon,urban,1,no,low,medium,2.66,Medium
morning,urban,2,no,low,medium,2.41,Medium
night,rural,7,yes,medium,medium,1.05,Medium
night,isolated,6,no,low,low,1.16,High
night,isolated,2,no,low,low,3.57,High
evening,isolated,7,yes,medium,medium,1.11,Medium
night,rural,10,no,medium,high,2.76,High
afternoon,rural,4,no,high,low,0.92,Medium
morning,isolated,9,no,high,high,1.05,Medium
morning,urban,7,no,medium,low,3.69,High
morning,isolated,4,no,low,low,4.4,High
morning,urban,9,no,medium,low,2.21,High
afternoon,rural,10,no,medium,high,4.93,High
night,isolated,0,yes,high,medium,2.32,Medium
evening,isolated,5,yes,medium,low,1.32,Medium
evening,urban,8,no,medium,medium,0.7,Medium
night,isolated,7,yes,medium,high,4.42,High
morning,urban,6,yes,low,low,0.69,Medium
night,urban,3,yes,medium,high,1.19,Low
afternoon,urban,7,no,high,medium,1.94,Medium
night,rural,6,no,high,medium,0.88,High
afternoon,rural,3,no,medium,low,3.72,Medium
night,urban,9,no,high,medium,2.67,High
evening,urban,0,yes,high,low,1.55,Low
night,urban,3,no,low,low,3.09,High
evening,rural,1,no,low,high,2.27,Medium
evening,urban,0,no,low,low,1.44,Medium
afternoon,rural,7,no,high,low,3.29,High
afternoon,urban,7,no,medium,medium,2.91,Medium
afternoon,rural,6,no,high,medium,0.91,Medium
evening,rural,9,yes,low,high,1.61,Medium
evening,rural,6,yes,low,medium,3.03,High
night,isolated,3,yes,high,high,2.3,Low
morning,urban,5,yes,high,medium,4.45,Low
night,rural,4,no,medium,medium,3.46,High
evening,urban,2,no,low,medium,2.27,Medium
evening,isolated,0,yes,low,high,0.99,Low
afternoon,rural,7,yes,medium,medium,4.32,Medium
evening,urban,3,yes,low,low,2.87,Medium
night,rural,9,no,high,low,5.0,High
evening,isolated,5,yes,high,medium,1.63,Low
evening,urban,9,no,low,low,3.78,High
night,rural,8,yes,medium,medium,3.91,High
evening,urban,2,no,low,high,1.04,Medium
afternoon,urban,0,no,medium,low,2.62,Medium
night,urban,3,no,high,high,0.85,Medium
night,rural,4,no,low,high,2.85,High
morning,isolated,10,no,medium,medium,3.65,High
night,rural,7,yes,medium,high,2.57,Medium
morning,isolated,7,yes,medium,medium,0.86,Low
morning,urban,1,yes,low,low,4.36,Medium
night,urban,9,yes,high,high,0.99,Medium
night,urban,7,no,high,high,3.79,High
evening,urban,5,no,medium,low,3.09,High
morning,rural,6,yes,medium,high,3.92,Medium
afternoon,urban,9,no,high,low,4.58,High
evening,urban,4,no,low,medium,1.95,Medium
morning,urban,8,no,medium,medium,1.12,Medium
morning,rural,8,no,low,low,1.72,High
evening,rural,2,no,high,medium,2.3,Medium
night,isolated,1,yes,medium,low,2.23,Medium
night,urban,0,no,low,high,2.44,High
evening,rural,9,yes,medium,low,0.39,Medium
evening,rural,0,no,medium,low,0.91,Medium
evening,isolated,0,yes,high,medium,1.11,Low
night,urban,10,no,low,low,3.25,High
night,isolated,6,yes,low,medium,4.86,High
morning,urban,2,yes,medium,low,0.68,Low
night,rural,3,yes,medium,low,1.28,Medium
morning,urban,1,no,low,medium,2.27,Medium
morning,urban,2,yes,low,low,4.36,Medium
morning,rural,10,yes,low,medium,4.9,High
evening,urban,7,yes,low,medium,2.57,Medium
morning,isolated,4,yes,low,medium,4.51,Medium
afternoon,isolated,7,yes,low,low,3.52,High
evening,urban,4,no,medium,medium,2.57,Medium
evening,isolated,4,no,high,low,0.7,Medium
morning,isolated,6,no,low,low,0.82,High
morning,isolated,4,yes,low,medium,0.32,Low
morning,rural,0,no,low,medium,0.84,Medium
morning,urban,1,no,medium,high,0.7,Low
afternoon,isolated,3,yes,high,medium,1.4,Low
evening,rural,7,yes,low,high,0.68,Medium
morning,isolated,5,yes,low,high,1.92,Low
night,rural,3,yes,low,medium,2.53,Medium
evening,rural,1,yes,medium,low,1.29,Low
evening,rural,3,yes,medium,high,4.63,Low
morning,isolated,7,yes,low,medium,3.56,Medium
afternoon,rural,8,no,low,high,3.9,High
night,rural,0,no,medium,medium,4.66,High
night,urban,6,no,medium,low,3.69,High
evening,isolated,8,yes,medium,low,3.89,High
afternoon,urban,7,yes,medium,low,1.5,Medium
evening,urban,10,no,medium,high,0.8,Medium
evening,rural,2,yes,low,high,1.23,Low
evening,isolated,8,no,medium,high,3.53,High
morning,rural,7,yes,low,high,0.36,Low
night,isolated,0,no,high,medium,0.81,Medium
night,rural,1,yes,medium,low,3.64,High
evening,urban,0,yes,medium,low,2.32,Medium
morning,rural,8,no,medium,low,2.7,High
morning,urban,10,yes,high,low,0.53,Medium
night,urban,8,yes,low,high,1.94,Medium
afternoon,rural,2,no,high,low,0.69,Low
evening,rural,2,no,medium,high,4.52,Medium
afternoon,urban,5,yes,low,low,1.37,Medium
evening,rural,2,no,high,high,1.2,Low
evening,urban,0,yes,low,low,4.67,Medium
afternoon,isolated,8,no,medium,high,3.96,Medium
night,urban,9,no,high,high,4.62,High
morning,urban,5,yes,high,medium,3.0,Low
night,isolated,7,no,medium,medium,0.64,High
evening,rural,6,no,low,medium,1.14,High
morning,rural,5,yes,high,high,2.93,Low
night,rural,3,no,medium,high,4.98,High
morning,rural,8,yes,medium,medium,4.65,Medium
morning,rural,3,no,low,medium,0.37,Medium
morning,urban,6,no,low,low,3.58,High
night,isolated,0,yes,high,medium,3.22,Medium
night,urban,9,no,medium,medium,3.4,High
evening,isolated,1,no,high,medium,1.76,Low
morning,isolated,1,no,medium,low,0.59,Medium
evening,rural,4,yes,low,low,1.73,Medium
afternoon,isolated,8,no,medium,high,3.89,Medium
evening,urban,8,no,medium,low,1.45,High
evening,rural,0,no,high,medium,0.84,Low
morning,rural,6,no,high,medium,3.86,Medium
night,rural,3,yes,low,high,3.88,Medium
night,urban,9,no,high,low,3.07,High
night,isolated,1,no,high,low,4.74,High
morning,rural,0,no,medium,medium,3.81,Medium
afternoon,urban,10,yes,medium,high,3.81,Medium
evening,isolated,9,yes,medium,low,3.43,High
morning,rural,10,yes,low,low,3.33,High
morning,rural,5,yes,low,high,3.87,Medium
afternoon,urban,5,no,medium,high,0.24,Low
morning,isolated,8,no,high,medium,2.02,Medium
evening,rural,10,no,high,medium,1.69,Medium
afternoon,rural,3,no,low,medium,2.01,Medium
evening,rural,1,yes,low,high,2.76,Low
afternoon,urban,1,yes,high,high,2.16,Low
night,rural,7,no,medium,low,3.24,High
night,isolated,5,no,high,low,3.3,High
evening,urban,7,no,low,high,4.27,High
afternoon,urban,8,yes,low,low,2.82,Medium
morning,rural,9,no,medium,low,4.77,High
afternoon,isolated,8,no,low,high,4.5,High
night,isolated,7,no,low,medium,2.15,High
evening,rural,9,yes,low,low,1.09,High
evening,isolated,0,yes,low,high,1.62,Low
morning,isolated,1,no,low,high,4.5,Medium
afternoon,rural,4,yes,high,medium,1.82,Low
morning,isolated,2,yes,low,high,1.38,Low
night,isolated,1,no,low,medium,0.67,High
evening,urban,9,yes,high,low,1.71,Medium
night,urban,3,yes,high,low,1.29,Medium
night,rural,3,no,medium,low,1.36,High
evening,urban,6,no,medium,low,4.76,High
night,urban,9,no,high,high,1.46,High
morning,isolated,7,no,high,high,1.99,Low
morning,urban,3,no,low,medium,4.64,Medium
evening,isolated,10,no,high,low,4.89,High
morning,urban,0,yes,medium,medium,1.11,Low
evening,rural,6,yes,medium,medium,1.37,Medium
evening,urban,2,yes,low,high,0.46,Low
evening,isolated,8,no,low,low,0.41,High
night,isolated,2,no,low,high,3.77,High
night,rural,8,yes,high,medium,2.6,Medium
morning,isolated,4,yes,low,medium,0.57,Low
night,urban,8,yes,medium,high,2.1,Medium
night,isolated,0,no,medium,high,1.92,Medium
afternoon,isolated,0,no,medium,medium,4.76,Medium
evening,isolated,7,yes,medium,high,3.65,Medium
night,isolated,2,no,high,high,4.75,Medium
afternoon,isolated,1,no,medium,low,0.61,Medium
morning,rural,3,yes,low,medium,1.51,Low
night,rural,4,no,medium,high,0.68,Medium
morning,rural,1,yes,medium,medium,1.36,Low
evening,rural,5,yes,high,medium,3.84,Medium
night,urban,2,no,high,medium,1.63,Medium
morning,isolated,2,no,high,low,2.19,Medium
morning,urban,1,yes,low,medium,1.95,Low
afternoon,rural,4,yes,medium,medium,1.43,Low
evening,urban,9,yes,medium,medium,0.69,Medium
night,rural,0,yes,high,high,1.93,Low
afternoon,urban,7,no,low,low,3.34,High
afternoon,isolated,2,yes,low,medium,0.66,Low
morning,urban,2,no,medium,high,4.03,Medium
evening,rural,2,yes,low,low,3.73,Medium
morning,isolated,3,yes,high,low,4.2,Low
afternoon,rural,9,yes,low,high,4.18,Medium
afternoon,urban,5,no,medium,low,1.19,Medium
evening,isolated,6,no,low,low,3.06,High
afternoon,urban,5,yes,high,high,4.87,Low
night,rural,2,yes,high,high,3.44,Medium
evening,rural,1,yes,high,medium,4.54,Low
night,isolated,4,no,high,high,2.5,Medium
morning,isolated,6,yes,medium,high,1.43,Low
afternoon,isolated,2,no,high,medium,4.86,Medium
afternoon,urban,7,no,low,low,0.49,High
morning,rural,4,no,medium,low,4.57,High
night,rural,8,yes,high,high,1.84,Medium
evening,isolated,5,yes,medium,medium,2.31,Medium
afternoon,rural,3,yes,medium,medium,1.94,Low
night,rural,1,yes,low,medium,1.97,Medium
night,urban,3,no,medium,high,2.95,Medium
night,rural,2,no,high,high,4.05,Medium
evening,urban,10,yes,high,medium,2.86,Medium
evening,urban,8,yes,high,low,1.59,Medium
evening,urban,2,yes,medium,high,2.56,Low
night,rural,0,yes,low,medium,0.62,Medium
morning,isolated,6,yes,medium,low,1.85,Medium
night,urban,6,no,low,high,4.16,High
evening,isolated,7,no,low,medium,1.22,High
afternoon,rural,3,no,low,medium,2.29,Medium
evening,urban,0,no,low,high,1.06,Medium
evening,rural,5,no,medium,medium,1.81,Medium
morning,urban,3,yes,low,high,2.51,Low
morning,rural,0,yes,low,high,0.48,Low
evening,urban,8,no,low,high,1.43,Medium
morning,rural,6,no,low,low,2.29,High
night,isolated,0,no,high,low,0.73,Medium
evening,rural,6,yes,low,medium,4.91,High
night,urban,3,no,medium,medium,2.1,High
evening,isolated,6,yes,medium,high,4.37,Medium
afternoon,urban,5,no,low,low,0.55,Medium
night,isolated,9,yes,medium,high,1.29,Medium
morning,rural,7,yes,medium,medium,4.46,Medium
night,urban,4,no,low,high,0.75,High
afternoon,isolated,2,no,low,low,4.68,High
afternoon,rural,0,yes,low,medium,1.09,Low
morning,urban,6,yes,medium,medium,4.03,Medium
night,rural,0,yes,low,medium,4.49,High
night,rural,2,yes,medium,medium,4.52,Medium
night,rural,10,yes,medium,high,2.46,High
afternoon,rural,7,no,medium,low,0.69,Medium
morning,isolated,1,no,low,low,4.51,High
evening,rural,3,yes,low,low,1.66,Medium
evening,urban,5,yes,low,low,3.46,High
evening,rural,9,yes,low,low,2.29,High
evening,isolated,2,yes,high,high,3.29,Low
morning,isolated,8,no,medium,low,3.71,High
evening,isolated,8,yes,medium,low,3.69,High
afternoon,isolated,4,yes,medium,medium,1.37,Low
night,isolated,8,yes,medium,medium,3.65,High
evening,urban,3,yes,medium,low,0.96,Low
evening,urban,7,yes,medium,low,0.32,Medium
night,rural,7,yes,medium,low,1.64,High
afternoon,rural,0,yes,medium,medium,1.96,Low
evening,isolated,10,no,medium,medium,3.87,High
afternoon,rural,1,yes,high,high,4.89,Low
night,rural,2,no,medium,high,2.78,Medium
afternoon,rural,1,yes,low,medium,3.99,Medium
afternoon,rural,0,yes,medium,low,2.73,Low
night,rural,10,yes,high,high,1.85,Medium
night,isolated,9,yes,low,medium,0.7,High
evening,rural,8,no,medium,high,2.2,Medium
morning,isolated,4,no,medium,low,3.29,High
afternoon,isolated,8,yes,high,high,2.14,Low
evening,urban,7,no,low,low,3.32,High
morning,rural,10,yes,medium,medium,3.58,Medium
morning,urban,2,no,high,low,2.28,Medium
night,rural,8,yes,high,low,2.97,High
evening,urban,3,no,medium,high,1.66,Low
night,rural,10,no,low,high,2.45,High
evening,isolated,6,yes,medium,low,4.55,High
evening,isolated,5,yes,high,medium,0.7,Low
afternoon,isolated,0,no,medium,medium,4.84,Medium
evening,rural,6,yes,low,high,4.62,Medium
afternoon,isolated,10,yes,low,medium,1.27,Medium
evening,urban,9,yes,high,medium,1.09,Medium
night,urban,9,no,high,high,2.26,High
afternoon,isolated,1,yes,low,medium,3.9,Medium
morning,isolated,8,no,low,medium,2.17,High
morning,urban,3,no,high,high,1.9,Low
morning,isolated,8,yes,high,high,4.62,Low
night,urban,1,no,medium,low,2.01,High
evening,isolated,9,yes,low,high,4.54,High
morning,isolated,3,yes,medium,high,0.82,Low
night,rural,4,no,low,high,3.21,High
night,isolated,4,no,low,low,3.3,High
afternoon,urban,7,no,high,high,4.34,Medium
morning,urban,4,yes,low,medium,4.58,Medium
afternoon,rural,8,yes,high,low,1.41,Low
evening,rural,0,no,low,high,2.52,Medium
evening,rural,9,no,low,medium,3.32,High
evening,isolated,2,yes,medium,high,4.75,Low
evening,urban,8,no,low,low,2.48,High
night,isolated,7,yes,high,medium,1.11,Medium
morning,urban,7,yes,low,high,2.52,Medium
evening,rural,7,no,high,medium,4.99,High
afternoon,urban,2,yes,medium,medium,0.92,Low
afternoon,rural,7,no,low,high,0.47,Medium
night,isolated,1,yes,high,high,3.6,Medium
morning,urban,4,yes,low,high,1.31,Low
night,rural,6,no,medium,low,0.39,High
afternoon,isolated,5,yes,medium,high,3.68,Low
evening,isolated,4,no,high,high,3.76,Medium
afternoon,urban,1,yes,low,low,1.85,Low
night,rural,1,no,medium,high,1.21,Medium
afternoon,isolated,8,no,low,medium,4.06,High
evening,isolated,6,yes,medium,low,3.17,High
night,urban,6,yes,high,low,1.32,Medium
night,urban,3,yes,high,high,1.9,Low
afternoon,rural,2,yes,low,high,4.01,Low
morning,rural,5,yes,high,low,0.4,Low
morning,urban,5,yes,high,high,2.58,Low
night,isolated,0,no,high,low,4.32,High
night,urban,7,no,medium,high,2.61,High
night,urban,2,no,medium,medium,4.08,High
evening,isolated,2,yes,medium,medium,1.48,Low
morning,urban,9,yes,medium,high,2.89,Medium
afternoon,isolated,8,no,medium,low,0.23,Medium
evening,urban,6,yes,high,high,2.6,Low
evening,urban,4,no,high,medium,3.97,Medium
night,isolated,3,no,medium,high,3.9,High
morning,urban,7,yes,high,medium,4.7,Medium
evening,urban,9,yes,medium,high,0.73,Medium
night,rural,4,yes,high,low,2.05,Medium
evening,rural,9,yes,medium,medium,4.81,High
night,urban,6,yes,medium,low,1.64,High
morning,isolated,7,no,low,low,4.33,High
morning,isolated,0,yes,medium,medium,3.09,Low
night,urban,3,yes,medium,high,2.32,Medium
evening,urban,7,yes,low,high,2.44,Medium
afternoon,isolated,1,yes,medium,medium,1.33,Low
evening,isolated,7,yes,low,medium,2.94,Medium
night,urban,4,no,high,high,0.9,Medium
morning,isolated,1,no,high,low,2.48,Medium
night,rural,4,no,low,low,1.22,High
evening,rural,2,no,high,medium,1.3,Low
night,urban,3,yes,medium,medium,1.14,Medium
evening,isolated,6,yes,low,high,1.88,Medium
evening,urban,9,yes,medium,low,2.79,High
night,rural,2,no,high,low,0.52,Medium
afternoon,isolated,1,yes,low,low,1.19,Low
evening,rural,10,no,low,medium,0.59,High
afternoon,isolated,3,no,high,low,3.44,Medium
morning,urban,9,yes,low,high,3.76,Medium
night,isolated,3,yes,medium,low,4.29,High
evening,isolated,10,no,low,high,3.86,High
evening,rural,9,yes,low,low,2.6,High
afternoon,urban,4,yes,high,low,3.4,Medium
night,urban,4,no,high,high,2.63,Medium
night,urban,4,no,medium,medium,4.6,High
afternoon,rural,9,no,medium,low,1.21,High
afternoon,rural,1,yes,medium,high,0.72,Low
night,urban,0,no,medium,medium,2.65,High
night,urban,4,yes,low,medium,3.85,High
afternoon,urban,7,yes,medium,high,3.21,Medium
morning,rural,8,yes,medium,high,1.61,Low
morning,rural,3,yes,medium,high,4.92,Low
afternoon,isolated,9,yes,high,high,0.61,Low
night,urban,5,yes,low,medium,0.95,Medium
afternoon,rural,3,yes,low,medium,0.23,Low
morning,urban,0,yes,low,low,1.19,Low
night,rural,10,yes,high,high,1.27,Medium
evening,urban,2,no,medium,low,4.46,High
afternoon,urban,2,yes,high,low,3.87,Low
night,rural,7,yes,low,low,2.03,High
night,urban,7,yes,medium,low,1.01,High
afternoon,urban,7,no,low,high,1.31,Medium
morning,rural,6,no,low,low,0.27,High
afternoon,rural,9,no,low,medium,4.8,High
afternoon,rural,8,yes,low,low,1.87,Medium
evening,isolated,5,no,medium,medium,3.52,High
night,isolated,2,yes,high,medium,0.88,Low
night,isolated,5,yes,medium,medium,0.69,Medium
afternoon,urban,0,yes,high,medium,2.65,Low
afternoon,urban,0,yes,high,medium,4.29,Low
afternoon,isolated,9,no,high,medium,4.94,High
evening,urban,1,no,low,medium,4.1,High
afternoon,rural,1,yes,low,high,1.62,Low
night,rural,3,no,medium,high,0.93,Medium
evening,rural,9,yes,low,high,0.98,Medium
evening,isolated,1,yes,medium,high,2.81,Low
evening,rural,0,no,low,high,4.36,Medium
night,isolated,9,no,high,medium,3.17,High
night,isolated,8,yes,medium,high,0.65,Medium
morning,rural,4,yes,high,medium,0.99,Low
morning,isolated,7,no,high,high,0.79,Low
afternoon,urban,5,yes,medium,high,2.44,Low
night,urban,0,no,low,low,0.68,High
evening,urban,2,no,low,low,1.32,Medium
afternoon,rural,9,yes,low,low,4.42,High
night,urban,4,no,medium,high,0.83,Medium
morning,isolated,1,no,medium,high,4.68,Medium
morning,isolated,10,no,high,low,3.01,High
night,urban,2,no,high,low,1.22,Medium
evening,urban,8,no,low,low,1.06,High
night,urban,9,no,low,high,0.58,High
night,isolated,7,no,medium,high,2.66,High
afternoon,rural,3,no,medium,low,1.28,Medium
afternoon,rural,1,no,high,high,2.97,Low
afternoon,rural,10,yes,low,low,3.56,High
night,isolated,4,no,medium,medium,0.42,High
morning,isolated,0,no,low,high,2.22,Medium
afternoon,rural,0,no,low,low,4.77,High
afternoon,rural,1,no,medium,medium,0.95,Low
morning,rural,1,no,low,low,1.63,Medium
evening,rural,4,yes,medium,low,2.75,Medium
afternoon,urban,3,no,high,medium,0.5,Low
evening,isolated,9,no,high,medium,0.35,Medium
afternoon,rural,10,no,low,high,4.73,High
evening,urban,2,yes,high,high,3.28,Low
morning,isolated,1,yes,medium,medium,4.61,Low
evening,urban,1,no,high,medium,2.43,Medium
morning,isolated,2,no,medium,low,2.29,Medium
evening,rural,4,no,medium,high,4.54,Medium
evening,urban,5,no,low,medium,3.36,High
morning,isolated,6,no,high,high,4.72,Medium
night,urban,10,yes,medium,high,0.29,Medium
night,isolated,7,no,low,high,1.03,High
afternoon,urban,7,no,high,medium,0.52,Medium
afternoon,urban,7,no,low,medium,4.41,High
evening,isolated,1,yes,medium,medium,2.63,Low
night,urban,10,no,low,medium,3.42,High
morning,rural,4,yes,high,low,1.49,Low
morning,rural,4,no,medium,low,4.05,High
evening,rural,6,yes,low,low,2.61,High
morning,isolated,5,yes,low,medium,2.51,Medium
afternoon,urban,9,yes,low,high,4.45,Medium
morning,isolated,3,no,high,medium,0.66,Low
afternoon,urban,1,no,medium,medium,2.38,Medium
night,rural,6,no,high,medium,1.11,High
night,urban,7,yes,medium,medium,0.67,Medium
night,isolated,9,yes,low,medium,3.23,High
morning,rural,3,yes,high,low,0.46,Low
morning,rural,1,yes,medium,medium,3.67,Low
night,urban,2,no,low,high,0.22,Medium
morning,isolated,4,yes,medium,low,0.71,Low
night,isolated,5,yes,medium,medium,3.62,High
night,rural,1,yes,low,high,4.96,Medium
morning,urban,1,yes,medium,medium,0.95,Low
morning,isolated,2,yes,high,high,4.15,Low
evening,urban,9,yes,low,high,4.63,High
night,isolated,2,no,high,high,2.32,Medium
morning,rural,3,yes,high,high,3.2,Low
night,isolated,8,yes,high,medium,4.15,High
afternoon,rural,2,yes,low,low,3.06,Medium
night,isolated,2,yes,high,low,3.53,Medium
night,urban,1,no,medium,medium,4.12,High
night,isolated,4,no,high,high,0.46,Medium
morning,isolated,9,yes,medium,high,4.21,Medium
night,rural,5,yes,high,medium,2.01,Medium
evening,isolated,0,yes,high,low,1.77,Low
evening,rural,1,yes,low,low,4.05,Medium
morning,urban,1,yes,low,medium,0.48,Low
afternoon,rural,10,no,medium,low,1.42,High
afternoon,isolated,2,no,medium,high,4.88,Medium
afternoon,isolated,8,no,medium,medium,4.66,High
night,urban,5,no,medium,high,1.9,Medium
morning,isolated,9,no,high,low,4.02,High
afternoon,urban,9,yes,low,medium,4.6,High
night,urban,9,yes,medium,low,1.24,High
afternoon,rural,6,no,low,low,1.4,High
morning,urban,8,yes,medium,low,1.67,Medium
morning,urban,8,yes,medium,high,4.45,Medium
evening,urban,3,yes,high,high,4.7,Low
night,isolated,8,no,high,high,0.93,Medium
evening,urban,0,no,low,low,1.73,Medium
evening,rural,9,no,medium,medium,3.16,High
afternoon,urban,10,no,medium,low,2.69,High
evening,isolated,8,yes,high,high,1.6,Low
evening,urban,5,no,low,low,3.84,High
morning,urban,0,yes,high,low,2.2,Low
night,rural,1,no,medium,low,3.23,High
afternoon,isolated,4,yes,low,low,3.8,Medium
night,isolated,10,no,low,high,1.34,High
evening,urban,10,no,low,low,4.51,High
morning,rural,7,yes,low,medium,0.26,Medium
morning,urban,7,no,medium,low,0.71,Medium
night,urban,2,no,medium,high,3.34,High
morning,rural,5,no,high,medium,0.39,Low
night,urban,5,no,high,medium,4.8,High
evening,rural,9,no,high,high,0.62,Medium
afternoon,rural,0,no,high,high,4.51,Low
afternoon,isolated,6,yes,low,low,3.74,High
evening,urban,5,yes,high,medium,3.1,Medium
night,urban,4,no,low,medium,3.87,High
afternoon,isolated,6,yes,low,high,3.78,Medium
morning,isolated,10,no,low,high,1.91,Medium
evening,urban,6,no,medium,medium,0.36,Medium
evening,rural,0,no,medium,medium,0.67,Medium
night,urban,4,no,medium,low,2.64,High
afternoon,isolated,10,no,high,low,4.01,High
evening,urban,4,yes,high,low,3.41,Medium
morning,rural,10,no,low,high,1.84,Medium
night,urban,7,no,medium,low,4.27,High
afternoon,urban,7,yes,medium,low,3.6,Medium
afternoon,urban,1,no,medium,low,1.62,Medium
night,isolated,9,no,low,high,3.91,High
evening,isolated,10,no,low,high,3.21,High
morning,urban,4,no,low,low,0.71,Medium
morning,rural,0,no,low,high,1.54,Low
afternoon,isolated,10,no,low,high,1.33,Medium
morning,rural,10,yes,medium,low,3.65,High
afternoon,rural,2,no,medium,high,1.79,Low
afternoon,rural,10,yes,low,medium,1.46,Medium
afternoon,rural,0,no,medium,high,2.05,Low
morning,rural,1,no,high,medium,1.03,Low
morning,isolated,3,no,medium,high,3.74,Medium
night,urban,4,yes,medium,high,2.99,Medium
afternoon,urban,10,no,high,low,4.43,High
morning,isolated,6,yes,low,high,3.79,Medium
night,isolated,1,yes,medium,low,4.62,High
morning,rural,7,yes,low,medium,4.5,Medium
morning,urban,6,no,high,high,2.41,Medium
afternoon,rural,10,yes,high,high,4.4,Medium
afternoon,rural,0,yes,low,low,0.54,Low
morning,urban,3,yes,high,low,1.3,Low
night,urban,2,yes,medium,high,0.75,Low
afternoon,isolated,8,no,high,high,0.74,Low
night,urban,2,yes,medium,low,4.45,High
night,urban,0,yes,low,high,2.37,Medium
afternoon,isolated,3,yes,medium,high,1.46,Low
afternoon,isolated,2,no,high,low,4.36,Medium
morning,urban,10,yes,medium,low,0.57,Medium
night,isolated,4,no,high,high,3.91,High
evening,rural,0,no,high,high,0.34,Low
morning,rural,3,yes,high,high,3.84,Low
evening,isolated,10,yes,medium,medium,1.56,Medium
evening,rural,2,yes,medium,medium,3.96,Medium
night,isolated,5,yes,high,low,1.17,Medium
morning,rural,7,no,low,low,4.89,High
night,urban,7,yes,medium,low,1.41,High
evening,rural,2,no,medium,medium,4.06,Medium
afternoon,isolated,6,yes,medium,medium,2.49,Medium
morning,urban,5,no,low,low,3.17,High
afternoon,rural,10,no,medium,medium,1.71,Medium
night,rural,0,no,medium,high,3.96,High
evening,urban,4,yes,low,high,3.73,Medium
morning,isolated,10,yes,medium,high,3.51,Medium
afternoon,rural,6,no,high,low,1.05,Medium
morning,urban,8,no,low,low,3.15,High
evening,urban,3,yes,high,medium,0.34,Low
morning,isolated,7,yes,low,medium,4.33,Medium
evening,rural,6,no,high,medium,3.36,High
night,urban,5,no,low,low,3.39,High
afternoon,urban,4,no,high,high,4.79,Medium
evening,rural,3,no,medium,medium,3.3,Medium
evening,urban,9,no,high,high,3.75,High
evening,urban,8,no,medium,medium,4.07,High
night,rural,1,no,medium,high,3.23,High
night,isolated,4,no,low,high,2.58,High
night,rural,10,no,high,low,1.55,High
morning,isolated,10,no,high,high,2.28,Medium
afternoon,isolated,7,yes,medium,medium,1.36,Low
afternoon,urban,1,no,high,high,4.3,Low
night,rural,8,yes,low,high,4.91,High
evening,rural,3,yes,low,medium,2.71,Medium
evening,rural,10,yes,medium,low,2.91,High
evening,isolated,7,yes,low,high,1.55,Medium
night,isolated,1,no,low,low,4.19,High
evening,rural,0,no,medium,medium,3.96,Medium
evening,rural,5,yes,medium,medium,3.63,Medium
morning,rural,7,yes,low,medium,0.35,Medium
evening,rural,3,no,medium,low,2.36,Medium
night,isolated,0,yes,high,low,3.36,Medium
afternoon,rural,0,no,medium,medium,3.21,Medium
night,rural,2,no,low,medium,0.67,High
morning,rural,1,no,high,medium,3.2,Medium
morning,rural,5,no,low,medium,0.52,Medium
afternoon,rural,8,no,high,low,4.61,High
night,isolated,1,no,high,low,1.74,Medium
morning,urban,9,no,low,high,0.53,Medium
afternoon,urban,8,no,high,high,2.84,Medium
morning,rural,0,no,high,medium,0.87,Low
afternoon,urban,3,no,high,high,2.07,Low
night,isolated,8,no,low,low,2.67,High
afternoon,isolated,4,no,medium,low,4.77,High
evening,urban,7,yes,high,low,0.64,Medium
evening,rural,8,yes,high,medium,2.12,Medium
morning,rural,3,yes,medium,low,0.43,Low
morning,rural,4,yes,high,medium,2.01,Low
morning,rural,7,no,medium,low,4.36,High
afternoon,rural,2,yes,low,high,0.64,Low
afternoon,urban,4,no,medium,high,4.4,Medium
morning,urban,9,yes,medium,medium,3.57,Medium
morning,isolated,1,no,high,low,2.03,Medium
afternoon,urban,6,yes,high,high,1.7,Low
night,urban,7,yes,low,low,4.53,High
evening,urban,0,no,medium,high,4.65,Medium
evening,isolated,1,no,low,medium,1.33,Medium
night,isolated,8,no,low,low,4.81,High
night,urban,1,yes,low,medium,4.12,High
night,rural,7,yes,high,low,0.25,Medium
evening,isolated,1,no,high,low,2.68,Medium
night,isolated,8,yes,medium,high,3.63,High
night,urban,2,yes,low,low,2.09,High
night,rural,2,yes,high,medium,1.54,Low
morning,urban,2,no,medium,medium,0.9,Low
night,urban,2,no,medium,low,1.61,High
morning,urban,2,no,high,high,3.45,Low
morning,urban,6,yes,low,high,2.84,Medium
night,isolated,0,yes,high,high,4.51,Medium
night,isolated,0,no,high,medium,3.81,High
evening,isolated,8,no,medium,low,2.5,High
night,rural,2,yes,high,high,0.61,Low
afternoon,isolated,7,yes,medium,low,2.5,Medium
evening,isolated,6,yes,high,high,0.72,Low
evening,rural,1,no,low,medium,3.77,High
afternoon,isolated,7,no,low,low,4.64,High
afternoon,rural,4,no,high,medium,2.27,Medium
afternoon,rural,3,no,medium,low,4.92,Medium
evening,rural,3,no,high,high,4.63,Medium
morning,urban,9,no,low,medium,2.18,High
morning,rural,6,yes,medium,low,4.22,Medium
morning,urban,2,no,high,high,4.14,Low
afternoon,isolated,1,no,high,medium,1.23,Low
morning,isolated,8,no,high,high,0.92,Low
night,isolated,8,no,high,low,4.19,High
night,isolated,7,no,medium,medium,2.48,High
evening,rural,2,no,medium,high,4.91,Medium
night,urban,9,yes,high,medium,3.12,High
evening,rural,8,yes,high,low,2.57,Medium
night,rural,9,yes,low,medium,0.73,High
evening,isolated,0,yes,low,high,1.23,Low
afternoon,urban,10,yes,high,low,4.18,Medium
evening,urban,7,yes,medium,high,4.36,Medium
afternoon,urban,7,no,high,medium,0.77,Medium
morning,isolated,4,no,low,high,0.92,Medium
evening,isolated,10,yes,medium,low,4.25,High
evening,rural,6,yes,medium,low,1.95,Medium
night,rural,8,yes,low,low,2.66,High
evening,rural,7,no,high,low,4.66,High
afternoon,rural,4,yes,low,low,3.23,Medium
morning,urban,0,no,high,medium,3.9,Medium
night,urban,9,no,low,low,2.85,High
night,isolated,4,yes,medium,low,1.64,Medium
afternoon,isolated,0,yes,low,medium,4.75,Medium
evening,urban,4,no,high,high,4.24,Medium
morning,rural,3,yes,medium,low,4.16,Medium
night,rural,1,yes,low,high,1.24,Medium
evening,rural,4,no,high,medium,1.8,Medium
evening,isolated,10,yes,high,medium,4.26,Medium
night,isolated,0,no,medium,medium,4.34,High
afternoon,isolated,2,no,high,high,3.44,Low
evening,isolated,2,yes,low,low,2.23,Medium
evening,isolated,9,no,high,medium,4.5,High
evening,rural,4,no,medium,low,1.64,Medium
night,rural,3,yes,high,medium,3.09,Medium
night,isolated,5,no,high,high,1.03,Medium
evening,isolated,0,yes,high,low,1.58,Low
afternoon,urban,2,yes,high,high,4.42,Low
morning,isolated,10,yes,high,medium,2.75,Medium
afternoon,urban,10,no,high,high,3.97,Medium
afternoon,urban,1,yes,high,medium,2.3,Low
night,urban,8,yes,high,high,1.81,Medium
night,urban,6,yes,low,medium,3.66,High
night,isolated,8,yes,medium,medium,4.54,High
night,isolated,6,no,low,medium,4.97,High
afternoon,isolated,1,no,high,low,3.47,Medium
night,urban,8,no,low,high,4.43,High
night,urban,5,yes,low,high,2.23,Medium
morning,isolated,8,yes,high,medium,3.06,Medium
morning,urban,1,no,medium,high,2.73,Low
morning,urban,5,yes,medium,high,3.52,Low
morning,isolated,8,yes,medium,high,0.51,Low
morning,rural,8,yes,medium,high,3.05,Medium
night,urban,0,yes,low,low,1.19,Medium
afternoon,urban,5,yes,medium,high,2.28,Low
evening,rural,0,yes,low,high,2.26,Low
evening,isolated,3,no,low,high,3.68,Medium
night,urban,5,no,medium,high,1.8,Medium
afternoon,urban,2,yes,medium,low,1.58,Low
afternoon,urban,10,yes,high,medium,0.81,Low
afternoon,isolated,0,yes,low,medium,3.19,Medium
morning,rural,7,yes,high,high,1.32,Low
afternoon,rural,1,no,low,low,0.46,Medium
evening,isolated,3,no,medium,high,1.05,Low
afternoon,urban,8,no,high,medium,4.98,Medium
evening,urban,8,no,low,low,3.96,High
evening,isolated,6,yes,medium,high,4.6,Medium
afternoon,rural,10,no,medium,low,2.19,High
afternoon,urban,8,yes,high,low,1.44,Low
morning,rural,0,no,high,medium,4.12,Medium
evening,urban,3,no,low,medium,0.37,Medium
night,isolated,9,yes,high,high,0.51,Medium
evening,urban,1,no,medium,low,2.78,Medium
night,isolated,8,yes,high,high,4.13,Medium
night,isolated,7,yes,high,medium,0.32,Medium
morning,rural,1,yes,high,medium,2.1,Low
evening,rural,8,yes,low,low,1.25,Medium
evening,isolated,7,no,high,medium,4.61,High
evening,isolated,4,no,low,high,0.29,Medium
afternoon,rural,10,no,medium,low,3.33,High
night,rural,7,no,low,low,2.69,High
night,isolated,8,yes,low,low,4.59,High
evening,urban,2,no,high,medium,0.29,Low
afternoon,urban,1,no,low,medium,3.98,Medium
evening,rural,7,yes,high,high,0.31,Low
evening,isolated,3,yes,low,medium,2.03,Medium
evening,isolated,5,yes,medium,medium,1.72,Low
afternoon,rural,3,yes,low,high,3.83,Low
afternoon,rural,7,yes,medium,low,4.14,Medium
night,isolated,8,no,medium,high,3.54,High
evening,isolated,8,yes,medium,medium,2.86,Medium
night,rural,8,no,low,medium,4.55,High
afternoon,isolated,8,yes,high,medium,0.99,Low
afternoon,isolated,9,yes,medium,high,2.36,Medium
morning,isolated,9,no,medium,high,4.25,High
morning,isolated,10,yes,high,medium,1.67,Low
evening,isolated,3,yes,high,high,2.75,Low
morning,rural,8,no,medium,medium,4.83,High
morning,rural,8,no,medium,low,2.03,High
morning,isolated,7,no,low,medium,1.51,Medium
night,rural,1,no,low,medium,1.5,High
night,isolated,7,yes,high,medium,4.14,High
night,urban,10,no,low,high,1.16,High
afternoon,urban,1,yes,high,medium,2.48,Low
evening,rural,6,yes,medium,high,2.75,Medium
afternoon,rural,10,no,medium,high,0.87,Medium
morning,urban,6,no,high,medium,4.37,Medium
evening,urban,6,yes,medium,medium,1.76,Medium
night,urban,8,yes,low,medium,0.51,High
afternoon,isolated,6,no,high,high,0.56,Low
evening,urban,9,yes,low,high,4.78,High
afternoon,isolated,6,yes,medium,low,1.93,Medium
morning,isolated,1,no,low,high,0.38,Low
night,rural,10,yes,high,high,3.75,High
evening,rural,8,yes,high,high,1.54,Low
morning,urban,8,yes,medium,high,0.24,Low
night,isolated,10,no,low,low,3.63,High
evening,isolated,4,no,medium,high,1.25,Medium
evening,urban,1,no,medium,low,0.4,Medium
night,urban,8,yes,medium,high,2.79,Medium
evening,rural,4,no,medium,low,0.83,Medium
evening,urban,4,yes,high,medium,3.36,Medium
evening,urban,9,yes,high,high,0.58,Low
afternoon,isolated,5,yes,medium,low,4.28,Medium
night,rural,8,yes,high,high,1.76,Medium
afternoon,isolated,3,yes,high,low,3.53,Low
evening,isolated,8,no,medium,high,4.89,High
evening,isolated,4,no,low,medium,4.13,High
morning,isolated,4,no,low,low,1.34,Medium
evening,isolated,8,no,high,low,1.3,Medium
evening,urban,2,no,medium,low,4.37,High
morning,urban,0,yes,low,low,1.66,Low
night,isolated,7,yes,low,high,3.76,High
morning,isolated,0,no,medium,high,1.38,Low
afternoon,urban,3,no,low,medium,0.21,Medium
evening,urban,4,no,low,high,1.96,Medium
afternoon,isolated,6,yes,low,low,1.93,Medium
afternoon,isolated,10,no,high,medium,2.66,Medium
night,isolated,9,yes,low,medium,0.44,High
morning,rural,6,yes,medium,high,1.95,Low
evening,isolated,9,no,low,low,2.65,High
evening,urban,7,no,high,low,3.27,High
night,urban,0,yes,medium,low,1.24,Medium
afternoon,urban,3,no,low,low,1.99,Medium
evening,urban,2,no,high,high,2.58,Low
evening,isolated,6,yes,low,low,1.23,Medium
night,rural,10,yes,low,medium,4.73,High
evening,isolated,0,yes,low,low,1.1,Medium
night,urban,9,yes,medium,medium,4.26,High
night,isolated,10,yes,medium,medium,3.45,High
afternoon,urban,3,yes,high,medium,0.49,Low
morning,urban,6,no,low,low,1.11,High
night,isolated,2,yes,medium,high,3.96,Medium
afternoon,urban,7,no,low,medium,3.96,High
morning,isolated,0,no,high,medium,2.21,Low
afternoon,isolated,9,no,medium,high,4.75,High
night,rural,10,yes,high,medium,0.33,Medium
afternoon,urban,10,no,low,low,2.66,High
morning,urban,3,no,high,medium,1.94,Low
afternoon,urban,4,yes,high,medium,3.64,Low
afternoon,isolated,7,yes,high,low,4.25,Medium
evening,urban,1,no,medium,low,3.67,High
afternoon,urban,10,yes,low,high,1.27,Medium
evening,rural,4,no,high,high,2.2,Medium
morning,isolated,2,no,low,medium,3.9,Medium
morning,isolated,6,no,high,medium,4.97,Medium
night,urban,1,yes,high,low,0.37,Medium
afternoon,isolated,8,yes,high,low,2.85,Medium
evening,rural,6,yes,low,low,4.33,High
evening,urban,2,yes,medium,low,2.98,Medium
morning,urban,4,yes,high,high,3.7,Low
morning,urban,2,no,low,low,0.54,Medium
morning,isolated,7,yes,medium,medium,2.67,Medium
morning,rural,6,no,medium,low,0.27,Medium
evening,isolated,9,no,medium,high,1.02,Medium
evening,isolated,7,no,low,high,0.75,Medium
night,isolated,6,no,low,high,1.43,High
evening,isolated,5,no,low,medium,2.05,High
night,isolated,7,no,medium,low,4.04,High
morning,isolated,10,no,medium,high,2.14,Medium
night,isolated,4,no,low,low,4.9,High
night,isolated,2,yes,medium,low,3.31,High
afternoon,rural,5,no,low,high,1.39,Medium
evening,rural,6,yes,medium,low,1.49,Medium
morning,rural,2,yes,high,low,2.57,Low
afternoon,urban,7,yes,medium,low,3.46,Medium
afternoon,rural,2,no,high,low,4.55,Medium
afternoon,urban,3,no,low,low,3.52,High
morning,urban,8,yes,high,low,4.48,Medium
evening,rural,3,yes,medium,high,3.15,Low
morning,urban,4,yes,low,medium,0.74,Low
morning,isolated,1,no,low,high,3.55,Medium
evening,urban,1,yes,medium,medium,2.21,Low
afternoon,rural,2,yes,high,high,0.9,Low
afternoon,urban,7,yes,medium,low,0.85,Medium
morning,urban,1,yes,low,high,4.42,Low
evening,isolated,10,no,low,high,2.84,High
afternoon,isolated,9,yes,medium,medium,4.2,Medium
morning,isolated,10,no,low,low,2.37,High
night,isolated,2,no,low,low,3.54,High
afternoon,rural,10,yes,medium,high,0.96,Low
morning,isolated,4,no,medium,high,3.06,Medium
morning,isolated,9,no,high,high,3.01,Medium
morning,isolated,3,no,low,high,4.43,Medium
afternoon,urban,9,yes,high,high,2.35,Low
afternoon,urban,9,yes,high,medium,3.88,Medium
morning,urban,3,no,high,high,1.5,Low
afternoon,rural,5,no,low,low,0.58,Medium
morning,isolated,7,no,high,low,2.1,Medium
morning,isolated,7,no,low,low,1.91,High
afternoon,rural,5,yes,high,medium,0.27,Low
morning,rural,5,no,medium,low,2.26,Medium
afternoon,rural,8,yes,medium,medium,3.8,Medium
morning,rural,9,no,low,high,1.14,Medium
afternoon,rural,0,yes,low,medium,4.35,Medium
morning,rural,9,no,medium,low,3.36,High
evening,urban,2,yes,high,medium,3.94,Low
night,isolated,9,yes,high,high,0.49,Medium
morning,rural,10,yes,medium,medium,2.15,Medium
evening,urban,7,no,medium,low,0.93,High
afternoon,urban,0,yes,low,low,3.92,Medium
evening,rural,4,yes,medium,low,0.83,Medium
afternoon,rural,0,yes,high,high,2.9,Low
afternoon,rural,8,yes,low,high,1.15,Low
evening,rural,9,yes,low,medium,3.94,High
night,urban,5,yes,low,high,0.9,Medium
morning,isolated,9,yes,low,medium,2.95,Medium
morning,isolated,10,no,medium,low,0.92,High
night,urban,5,yes,medium,low,4.98,High
afternoon,rural,9,yes,high,low,1.67,Medium
evening,isolated,0,yes,low,medium,0.22,Low
evening,rural,5,no,medium,high,0.83,Medium
night,isolated,1,yes,high,medium,3.17,Medium
morning,urban,6,yes,medium,high,3.62,Medium
afternoon,urban,8,yes,low,high,1.92,Low
morning,urban,1,no,high,medium,2.64,Low
evening,rural,1,yes,high,high,4.39,Low
morning,isolated,7,yes,low,high,4.01,Medium
afternoon,urban,1,no,high,low,4.2,Medium
evening,rural,6,yes,low,high,1.63,Medium
morning,rural,4,no,medium,low,2.27,Medium
morning,rural,0,no,high,low,2.42,Medium
evening,isolated,8,no,high,low,2.04,High
evening,urban,2,no,high,high,4.29,Medium
night,isolated,0,no,medium,medium,1.68,Medium
afternoon,urban,7,yes,medium,medium,1.96,Low
evening,rural,6,yes,low,low,1.43,Medium
morning,rural,6,no,low,low,3.78,High
evening,rural,10,yes,medium,low,2.29,High
afternoon,isolated,5,no,low,low,1.24,Medium
afternoon,isolated,10,yes,high,medium,3.16,Medium
afternoon,urban,0,yes,high,high,2.63,Low
night,urban,10,yes,high,high,2.19,Medium
evening,isolated,8,no,high,low,4.14,High
evening,isolated,1,yes,high,medium,3.62,Low
afternoon,isolated,2,yes,low,low,0.85,Low
evening,isolated,7,no,medium,medium,2.37,High
afternoon,isolated,10,yes,low,low,0.71,Medium
afternoon,rural,4,no,medium,high,3.9,Medium
evening,urban,2,yes,low,medium,4.42,Medium
afternoon,isolated,6,no,low,medium,1.32,Medium
afternoon,isolated,10,no,low,high,1.51,Medium
afternoon,urban,10,yes,high,medium,2.28,Medium
afternoon,rural,3,yes,low,high,2.65,Low
morning,rural,2,yes,low,medium,3.21,Medium
morning,urban,8,yes,medium,high,2.83,Low
afternoon,urban,9,no,high,high,1.5,Medium
morning,urban,7,yes,low,high,0.3,Low
night,isolated,6,no,high,medium,0.68,High
night,rural,1,yes,medium,low,1.77,Medium
evening,isolated,7,no,medium,high,2.01,Medium
morning,isolated,10,yes,medium,medium,1.21,Medium
night,rural,7,no,low,low,4.73,High
evening,rural,10,no,high,medium,3.36,High
morning,isolated,6,yes,medium,high,2.39,Low
night,isolated,7,yes,low,low,4.92,High
night,isolated,7,yes,low,medium,2.91,High
morning,isolated,2,yes,high,high,2.57,Low
evening,urban,2,no,high,low,3.74,Medium
morning,isolated,0,yes,medium,low,2.06,Low
morning,urban,1,yes,high,low,3.38,Low
night,rural,4,no,high,low,1.89,High
evening,urban,5,no,medium,low,1.93,Medium
night,urban,7,yes,low,high,4.61,High
afternoon,rural,10,no,high,low,1.15,Medium
afternoon,urban,10,yes,high,low,2.82,Medium
morning,rural,9,yes,high,high,2.81,Low
evening,urban,6,no,high,low,0.49,Medium
night,rural,7,no,low,high,2.93,High
morning,urban,5,no,medium,low,3.74,High
night,isolated,4,yes,low,medium,3.1,High
afternoon,rural,10,no,low,high,1.77,Medium
afternoon,rural,6,yes,high,low,2.74,Medium
night,rural,5,yes,high,high,2.87,Medium
morning,urban,2,yes,low,medium,4.92,Medium
afternoon,rural,8,yes,medium,low,2.91,Medium
afternoon,urban,6,yes,high,high,2.55,Low
morning,rural,5,yes,low,medium,2.04,Medium
morning,urban,3,no,high,medium,0.37,Low
afternoon,isolated,8,no,high,medium,1.13,Medium
evening,isolated,8,yes,high,high,0.38,Low
night,urban,9,yes,medium,high,4.87,High
morning,urban,9,no,high,low,1.78,Medium
morning,rural,8,yes,low,medium,0.71,Medium
night,isolated,6,yes,low,low,3.91,High
night,rural,6,yes,high,high,1.08,Medium
afternoon,isolated,8,no,high,low,3.98,High
night,isolated,6,yes,high,medium,4.53,High
night,isolated,2,yes,high,high,2.13,Low
night,rural,5,yes,low,high,4.3,High
morning,rural,10,yes,medium,low,3.35,High
evening,isolated,6,no,low,low,4.23,High
afternoon,rural,0,no,medium,medium,2.07,Medium
night,isolated,4,no,medium,low,3.05,High
night,isolated,8,no,medium,low,3.81,High
morning,rural,5,yes,medium,high,0.48,Low
evening,urban,2,yes,high,high,2.49,Low
afternoon,rural,9,yes,low,medium,4.45,High
evening,rural,6,no,high,low,1.71,Medium
afternoon,rural,0,yes,low,low,4.44,Medium
morning,rural,0,no,low,medium,3.73,Medium
afternoon,isolated,2,yes,high,medium,2.19,Low
morning,rural,9,no,high,medium,2.71,Medium
night,urban,3,yes,medium,medium,2.14,Medium
morning,urban,1,yes,medium,medium,1.04,Low
evening,urban,8,yes,low,medium,0.94,Medium
evening,rural,9,yes,high,low,3.19,High
afternoon,rural,3,no,low,high,0.49,Low
night,urban,10,yes,high,medium,3.72,High
night,isolated,4,no,high,medium,3.77,High
afternoon,isolated,3,yes,medium,medium,2.04,Low
morning,urban,8,no,medium,medium,0.36,Medium
night,rural,9,no,high,medium,2.58,High
night,rural,10,no,low,medium,0.86,High
night,rural,2,yes,high,low,2.13,Medium
morning,urban,10,no,high,low,3.11,High
evening,rural,10,yes,medium,medium,2.16,Medium
night,isolated,3,yes,medium,low,0.95,Medium
afternoon,isolated,0,no,high,medium,4.79,Medium
evening,rural,5,yes,high,low,4.91,Medium
night,rural,5,yes,high,high,2.01,Medium
afternoon,urban,7,no,high,medium,3.72,Medium
afternoon,urban,6,yes,medium,medium,0.46,Low
afternoon,urban,8,no,low,medium,2.86,High
morning,isolated,5,yes,low,low,3.72,Medium
evening,isolated,4,no,low,high,2.34,Medium
night,isolated,9,no,high,low,4.5,High
morning,rural,5,no,high,low,2.52,Medium
evening,urban,1,yes,medium,high,3.47,Low
afternoon,rural,7,no,low,medium,0.83,Medium
night,isolated,5,yes,high,medium,3.86,Medium
morning,isolated,10,yes,medium,high,3.05,Medium
night,urban,3,no,low,medium,0.82,High
evening,rural,10,yes,medium,medium,0.36,Medium
afternoon,isolated,2,yes,low,high,3.99,Low
night,rural,10,no,high,medium,3.6,High
afternoon,urban,8,yes,medium,low,0.76,Medium
morning,isolated,10,no,medium,low,4.41,High
evening,urban,2,no,high,high,0.84,Low
morning,rural,6,no,high,high,4.59,Medium
morning,urban,8,yes,high,high,2.76,Low
evening,isolated,3,no,low,high,3.76,Medium
evening,urban,7,no,low,medium,3.64,High
evening,rural,7,no,low,medium,1.1,High
night,isolated,1,no,high,high,0.3,Medium
night,urban,3,yes,high,medium,1.38,Low
night,rural,10,no,medium,medium,1.25,High
afternoon,rural,6,no,high,medium,3.97,Medium
evening,rural,6,no,medium,low,1.64,High
night,isolated,6,no,low,medium,2.97,High
night,isolated,0,no,high,medium,1.68,Medium
morning,rural,3,yes,high,medium,1.91,Low
evening,urban,4,yes,low,medium,4.06,Medium
night,rural,4,yes,high,medium,1.59,Medium
morning,urban,9,no,high,high,3.55,Medium
night,isolated,3,no,low,low,1.32,High
night,rural,2,yes,low,low,2.26,High
night,urban,9,no,low,high,4.25,High
afternoon,urban,5,no,low,low,2.84,High
night,rural,6,no,medium,high,4.92,High
evening,urban,9,no,medium,low,2.66,High
evening,urban,10,yes,low,medium,4.03,High
night,urban,8,yes,high,low,3.86,High
evening,urban,0,yes,medium,high,3.99,Low
night,isolated,7,no,low,low,1.2,High
morning,urban,4,yes,low,high,4.17,Medium
afternoon,rural,2,no,low,medium,3.29,Medium
afternoon,rural,4,no,medium,low,2.96,Medium
evening,rural,9,no,medium,low,0.44,High
afternoon,urban,7,no,high,medium,4.21,Medium
night,urban,3,yes,low,high,4.06,Medium
morning,urban,4,no,medium,medium,4.3,Medium
night,isolated,3,yes,high,low,2.36,Medium
evening,urban,2,yes,medium,high,4.11,Low
night,isolated,8,yes,medium,medium,4.49,High
afternoon,rural,2,no,high,high,1.78,Low
afternoon,isolated,8,yes,medium,low,1.17,Medium
evening,isolated,0,no,high,low,2.89,Medium
afternoon,urban,1,yes,high,low,2.95,Low
morning,urban,7,yes,low,medium,3.85,Medium
evening,urban,5,yes,high,medium,3.33,Medium
night,rural,2,yes,low,low,0.74,Medium
afternoon,urban,7,yes,high,high,4.97,Low
night,rural,3,no,low,high,1.04,Medium
evening,rural,1,no,high,low,3.41,Medium
morning,urban,8,no,low,medium,4.23,High
morning,isolated,1,yes,high,low,0.51,Low
evening,isolated,10,yes,high,low,1.16,Medium
night,urban,5,no,low,low,1.29,High
night,rural,0,no,low,high,0.78,Medium
evening,isolated,7,yes,high,high,1.04,Low
evening,rural,3,no,low,high,3.51,Medium
morning,rural,8,yes,medium,medium,4.77,Medium
morning,rural,9,yes,high,high,4.05,Medium
morning,rural,6,no,low,high,0.27,Medium
morning,urban,3,no,high,high,1.15,Low
evening,rural,0,yes,low,medium,0.98,Low
night,urban,5,no,low,low,0.3,High
evening,isolated,5,no,high,medium,0.36,Medium
afternoon,isolated,3,yes,low,low,3.45,Medium
evening,urban,7,no,medium,high,0.79,Medium
afternoon,rural,1,no,high,low,3.17,Medium
afternoon,isolated,2,no,low,medium,3.06,Medium
night,rural,10,yes,high,medium,4.99,High
night,rural,9,no,medium,medium,3.14,High
afternoon,rural,1,no,medium,low,1.65,Medium
night,urban,7,no,medium,low,4.08,High
morning,rural,4,no,high,low,1.22,Medium
evening,isolated,3,yes,medium,high,1.25,Low
morning,urban,4,yes,high,high,4.25,Low
night,isolated,7,yes,high,medium,3.74,High
morning,urban,5,yes,medium,medium,0.36,Low
morning,urban,6,no,medium,low,4.34,High
afternoon,rural,10,no,medium,low,3.13,High
afternoon,rural,5,no,high,high,0.69,Low
afternoon,isolated,9,yes,high,medium,1.52,Low
afternoon,isolated,7,yes,high,high,3.22,Low
afternoon,rural,2,yes,low,low,0.32,Low
morning,isolated,6,no,medium,medium,1.4,Medium
afternoon,isolated,7,no,high,low,1.49,Medium
afternoon,isolated,2,no,high,high,1.54,Low
evening,urban,1,yes,high,medium,0.84,Low
afternoon,rural,6,yes,medium,high,3.05,Medium
evening,rural,8,yes,low,medium,4.36,High
night,isolated,9,no,low,medium,2.83,High
night,isolated,0,yes,medium,high,4.2,Medium
night,urban,3,yes,low,high,4.64,Medium
evening,isolated,1,yes,low,medium,0.32,Low
afternoon,isolated,2,yes,high,medium,2.45,Low
evening,urban,0,no,low,medium,2.53,Medium
afternoon,rural,1,no,medium,low,2.12,Medium
evening,urban,2,yes,medium,low,4.65,Medium
morning,rural,9,no,low,high,1.53,Medium
night,urban,3,yes,medium,low,2.94,Medium
morning,isolated,3,yes,high,high,2.95,Low
night,isolated,3,no,high,medium,2.47,Medium
night,isolated,7,no,low,medium,1.12,High
evening,rural,5,yes,medium,high,3.49,Medium
night,rural,5,no,low,high,1.49,High
afternoon,rural,9,yes,medium,low,3.46,High
afternoon,rural,5,yes,high,medium,3.02,Low
night,rural,5,no,low,medium,2.9,High
evening,isolated,5,no,low,high,4.02,High
night,isolated,5,yes,medium,low,0.86,Medium
afternoon,urban,9,no,medium,medium,2.36,High
evening,isolated,6,no,low,medium,1.31,High
afternoon,urban,1,yes,low,high,1.82,Low
evening,urban,8,yes,medium,medium,1.64,Medium
morning,urban,7,no,high,low,4.99,High
evening,rural,9,no,high,low,4.91,High
evening,isolated,2,no,low,medium,3.99,High
afternoon,urban,7,yes,medium,high,1.4,Low
evening,isolated,6,no,low,high,4.08,High
night,isolated,10,yes,medium,low,3.29,High
afternoon,isolated,0,yes,medium,high,3.3,Low
night,rural,2,no,high,medium,2.35,Medium
afternoon,urban,6,no,high,low,4.7,High
morning,urban,5,no,low,high,2.74,Medium
afternoon,isolated,7,yes,medium,medium,1.45,Low
night,urban,9,yes,medium,medium,1.39,High
night,urban,9,no,high,high,0.74,High
night,urban,7,no,high,high,1.11,Medium
afternoon,rural,2,yes,high,low,2.61,Low
morning,rural,9,no,high,low,0.75,Medium
night,urban,4,yes,medium,medium,3.93,High
morning,rural,4,yes,high,low,3.39,Medium
morning,rural,9,yes,low,low,2.0,Medium
evening,isolated,0,yes,high,low,1.13,Low
evening,rural,4,yes,medium,high,2.23,Low
evening,rural,6,yes,medium,medium,3.25,Medium
evening,rural,7,no,high,medium,4.9,High
evening,rural,5,yes,low,low,0.33,Medium
evening,isolated,3,no,medium,medium,0.82,Medium
morning,rural,10,no,low,high,4.72,High
night,rural,9,no,low,high,4.92,High
evening,rural,4,yes,low,high,1.4,Low
afternoon,isolated,1,yes,low,medium,2.94,Low
night,urban,1,no,high,medium,3.81,High
night,isolated,1,yes,medium,low,2.01,Medium
morning,rural,1,no,high,low,3.96,Medium
night,urban,1,no,high,high,1.44,Medium
night,rural,8,no,high,low,3.94,High
afternoon,urban,4,no,medium,low,3.85,High
morning,rural,3,no,low,medium,4.88,Medium
morning,urban,3,yes,low,high,1.55,Low
evening,urban,5,yes,high,high,2.6,Low
evening,rural,9,yes,low,medium,2.25,High
morning,rural,0,yes,low,low,3.11,Medium
night,isolated,5,yes,high,low,3.02,High
night,rural,9,yes,medium,medium,4.63,High
evening,rural,0,yes,medium,high,1.08,Low
night,rural,10,no,medium,medium,0.55,High
night,isolated,10,no,high,medium,4.12,High
morning,isolated,0,yes,medium,high,3.75,Low
morning,rural,6,no,medium,high,2.58,Medium
evening,urban,9,yes,low,low,4.4,High
afternoon,isolated,0,no,high,low,0.6,Low
evening,isolated,7,no,low,high,4.66,High
evening,rural,8,yes,low,low,0.71,Medium
afternoon,rural,3,no,low,high,4.51,Medium
morning,rural,6,yes,medium,medium,2.89,Medium
evening,urban,4,no,medium,high,1.73,Medium
evening,isolated,5,no,medium,medium,2.36,Medium
morning,urban,1,yes,medium,low,2.04,Low
afternoon,urban,3,yes,low,low,1.64,Low
night,rural,10,no,medium,low,4.41,High
evening,urban,9,yes,low,low,2.2,High
afternoon,isolated,5,no,medium,low,1.08,Medium
night,urban,0,yes,high,high,2.84,Low
afternoon,rural,3,yes,high,low,1.45,Low
morning,isolated,7,yes,high,high,2.61,Low
afternoon,urban,4,no,low,high,1.13,Medium
night,rural,3,yes,medium,high,2.15,Medium
afternoon,isolated,3,yes,low,high,4.59,Low
afternoon,rural,9,no,medium,medium,4.32,High
night,urban,4,no,high,medium,3.67,High
night,rural,0,yes,high,high,0.27,Low
night,isolated,10,yes,low,medium,2.44,High
morning,rural,7,yes,high,low,4.25,Medium
afternoon,isolated,6,yes,medium,medium,0.48,Low
evening,rural,4,yes,low,low,2.25,Medium
afternoon,urban,4,no,low,low,4.9,High
morning,urban,4,yes,high,medium,0.69,Low
evening,isolated,9,no,high,medium,3.65,High
night,isolated,5,no,medium,low,1.53,High
morning,urban,1,no,low,medium,1.75,Medium
evening,rural,6,yes,medium,medium,3.4,Medium
morning,rural,10,yes,high,high,1.79,Low
evening,urban,10,no,medium,medium,3.13,High
afternoon,urban,10,yes,high,high,4.92,Medium
evening,rural,0,yes,high,low,1.46,Low
night,isolated,9,yes,low,medium,2.63,High
afternoon,urban,5,no,high,low,3.42,Medium
night,urban,10,no,low,high,4.61,High
evening,urban,10,no,medium,medium,4.76,High
afternoon,urban,9,yes,high,medium,3.19,Medium
afternoon,urban,0,yes,low,low,1.31,Low
evening,rural,1,no,low,medium,0.23,Medium
evening,urban,4,yes,high,low,0.21,Low
evening,isolated,10,yes,low,low,2.9,High
evening,isolated,2,no,high,high,2.75,Low
evening,isolated,0,yes,high,low,4.45,Medium
morning,rural,0,no,high,medium,2.25,Low
night,urban,6,no,medium,medium,3.3,High
afternoon,rural,2,yes,low,low,2.63,Medium
evening,urban,4,yes,medium,low,2.29,Medium
morning,urban,1,no,medium,medium,0.61,Low
morning,isolated,1,yes,low,high,3.89,Low
morning,rural,4,yes,low,low,1.96,Medium
evening,isolated,6,no,medium,low,2.98,High
afternoon,urban,7,no,medium,low,2.33,High
afternoon,urban,8,yes,low,medium,4.0,Medium
evening,rural,8,yes,medium,high,1.11,Low
morning,isolated,9,no,high,low,1.71,Medium
night,isolated,1,yes,low,high,1.04,Medium
afternoon,isolated,0,no,medium,low,1.17,Medium
evening,urban,9,no,medium,medium,1.31,High
morning,rural,0,yes,high,high,4.04,Low
evening,isolated,6,yes,high,low,4.8,Medium
afternoon,isolated,0,yes,low,medium,4.51,Medium
morning,urban,8,yes,high,medium,3.42,Medium
evening,isolated,3,no,low,low,1.19,Medium
afternoon,isolated,2,no,high,low,1.32,Low
evening,isolated,6,no,high,low,4.46,High
night,rural,7,yes,low,low,0.49,High
evening,isolated,6,yes,high,medium,2.33,Medium
afternoon,rural,1,yes,medium,high,4.02,Low
evening,isolated,4,yes,high,high,0.66,Low
afternoon,urban,7,no,medium,high,2.17,Medium
morning,isolated,2,yes,high,low,1.22,Low
morning,urban,2,yes,high,high,2.95,Low
evening,isolated,7,no,low,high,1.31,Medium
morning,urban,10,no,medium,high,1.25,Medium
morning,isolated,9,yes,low,low,3.1,High
evening,isolated,6,no,low,high,4.97,High
night,isolated,4,no,high,low,4.58,High
evening,isolated,3,no,medium,low,1.13,Medium
evening,isolated,7,no,high,high,4.56,Medium
evening,isolated,9,no,high,medium,3.18,High
afternoon,isolated,3,yes,high,high,2.1,Low
afternoon,isolated,3,yes,medium,high,1.74,Low
night,urban,9,yes,medium,high,1.79,Medium
evening,urban,1,yes,high,high,3.8,Low
evening,urban,1,no,low,low,2.08,High
evening,rural,0,yes,high,low,0.63,Low
afternoon,rural,0,no,medium,low,3.43,Medium
evening,isolated,7,no,low,low,0.76,High
evening,urban,1,no,high,low,0.64,Medium
afternoon,urban,6,yes,medium,medium,1.52,Low
morning,urban,7,yes,medium,medium,2.06,Medium
afternoon,rural,6,yes,low,high,1.42,Low
afternoon,urban,6,yes,high,low,1.06,Low
night,isolated,0,no,medium,medium,1.48,Medium
morning,urban,0,no,medium,high,2.27,Low
morning,rural,1,yes,medium,high,3.33,Low
afternoon,urban,8,no,medium,medium,0.68,Medium
night,isolated,8,yes,low,medium,2.55,High
evening,rural,1,yes,high,medium,4.23,Low
evening,isolated,7,no,medium,medium,3.11,High
morning,isolated,0,no,low,low,1.06,Medium
evening,rural,2,no,high,medium,2.93,Medium
night,urban,6,no,high,high,3.6,High
afternoon,rural,1,yes,high,low,1.12,Low
morning,isolated,1,no,low,medium,0.46,Medium
morning,urban,4,yes,medium,high,2.77,Low
afternoon,rural,6,yes,high,low,4.35,Medium
evening,isolated,0,yes,high,high,1.44,Low
evening,urban,0,yes,medium,medium,4.42,Medium
morning,isolated,9,no,high,high,4.36,Medium
afternoon,urban,9,yes,high,low,0.72,Medium
night,rural,2,yes,high,high,1.43,Low
night,rural,4,yes,medium,high,1.67,Medium
afternoon,rural,8,no,low,high,2.48,Medium
morning,isolated,3,no,medium,low,4.55,Medium
night,urban,8,no,low,medium,4.22,High
evening,urban,1,no,medium,low,3.15,High
morning,rural,7,yes,low,low,0.58,Medium
morning,rural,10,no,high,medium,4.67,High
evening,urban,3,yes,high,low,2.58,Low
morning,urban,5,no,high,medium,4.34,Medium
afternoon,rural,2,yes,medium,low,3.71,Medium
afternoon,isolated,7,no,medium,low,3.28,High
night,isolated,9,yes,medium,high,4.69,High
night,isolated,0,yes,low,high,1.31,Medium
evening,urban,2,no,low,medium,4.72,High
afternoon,urban,4,yes,high,low,2.33,Low
morning,rural,9,yes,low,high,3.88,Medium
morning,urban,7,no,low,high,3.76,High
morning,isolated,6,yes,medium,medium,4.44,Medium
morning,urban,0,no,medium,low,3.01,Medium
morning,isolated,6,yes,high,low,2.45,Medium
evening,isolated,10,yes,medium,high,1.58,Medium
evening,isolated,0,yes,high,low,0.81,Low
afternoon,isolated,1,no,high,low,0.43,Low
night,urban,10,yes,low,high,3.24,High
afternoon,urban,8,no,high,high,0.5,Low
afternoon,isolated,2,no,medium,low,3.15,Medium
morning,isolated,4,no,medium,medium,4.42,Medium
night,urban,9,no,high,medium,2.52,High
evening,urban,4,no,low,high,4.19,High
evening,urban,5,yes,low,medium,3.46,Medium
morning,rural,0,yes,medium,low,2.0,Low
morning,urban,0,yes,medium,high,0.77,Low
afternoon,isolated,3,no,low,medium,2.65,Medium
afternoon,isolated,4,no,high,low,2.81,Medium
morning,urban,8,no,medium,low,3.75,High
night,isolated,2,yes,low,high,1.32,Medium
evening,urban,8,no,medium,low,0.25,High
night,isolated,6,yes,medium,high,4.57,High
morning,urban,5,no,low,medium,3.22,High
afternoon,urban,1,no,high,low,2.71,Medium
afternoon,urban,10,no,low,high,3.58,High
morning,urban,4,no,low,medium,4.65,High
night,rural,4,no,medium,medium,2.65,High
afternoon,rural,10,yes,high,high,1.41,Low
night,isolated,3,yes,medium,high,2.28,Medium
morning,urban,2,no,low,high,0.61,Low
morning,isolated,6,yes,high,medium,4.98,Medium
evening,isolated,1,yes,medium,high,3.06,Low
evening,isolated,9,yes,low,medium,4.37,High
night,urban,1,no,high,high,2.66,Medium
night,urban,1,yes,low,low,4.63,High
night,urban,1,yes,low,low,3.09,High
afternoon,isolated,6,yes,medium,low,1.45,Medium
night,isolated,8,yes,high,high,1.32,Medium
morning,isolated,4,no,high,high,2.0,Low
evening,urban,7,no,high,medium,1.51,Medium
afternoon,urban,0,no,medium,high,4.18,Medium
evening,isolated,0,no,low,high,0.24,Medium
afternoon,rural,2,yes,medium,high,0.5,Low
morning,urban,3,yes,low,high,2.32,Low
morning,rural,0,yes,low,medium,2.4,Low
morning,isolated,0,yes,low,high,2.62,Low
afternoon,urban,9,yes,high,medium,4.82,Medium
morning,isolated,5,no,medium,medium,3.63,Medium
afternoon,rural,5,yes,medium,low,4.57,Medium
morning,rural,5,no,high,low,2.77,Medium
morning,urban,4,no,high,high,3.99,Medium
evening,isolated,6,yes,high,low,1.46,Medium
night,urban,8,yes,low,high,1.96,Medium
afternoon,isolated,1,no,low,medium,3.82,Medium
evening,urban,10,no,high,high,3.4,High
evening,isolated,8,no,medium,low,4.78,High
evening,rural,1,yes,low,medium,2.95,Medium
afternoon,isolated,3,yes,high,medium,3.21,Low
morning,rural,2,no,high,low,0.29,Low
evening,urban,0,yes,medium,medium,0.97,Low
afternoon,urban,5,no,low,medium,3.83,High
afternoon,urban,7,no,medium,high,1.49,Medium
afternoon,isolated,9,no,medium,medium,4.9,High
evening,urban,9,yes,medium,medium,4.05,High
morning,urban,1,no,high,low,1.1,Low
evening,urban,7,no,high,low,3.19,High
morning,rural,5,yes,medium,high,1.86,Low
evening,isolated,5,yes,medium,medium,0.43,Low
morning,isolated,9,yes,medium,medium,0.44,Medium
evening,isolated,7,no,medium,medium,4.38,High
night,isolated,4,yes,medium,medium,2.28,Medium
morning,urban,0,yes,medium,high,0.69,Low
afternoon,rural,7,no,high,medium,4.63,Medium
evening,isolated,0,yes,low,high,1.66,Low
evening,isolated,4,no,high,high,2.84,Medium
afternoon,isolated,8,yes,high,high,2.5,Low
night,urban,6,no,high,medium,2.19,High
night,rural,7,yes,high,high,2.03,Medium
afternoon,isolated,4,yes,medium,high,1.46,Low
evening,rural,10,no,medium,high,1.14,Medium
morning,urban,4,yes,medium,medium,2.84,Low
morning,rural,4,no,high,medium,1.56,Low
evening,urban,10,no,medium,high,3.5,High
evening,urban,7,yes,medium,high,1.52,Low
night,urban,1,no,high,low,0.48,Medium
afternoon,rural,10,yes,medium,medium,2.97,Medium
night,isolated,10,no,high,high,0.75,High
afternoon,urban,3,no,medium,medium,3.73,Medium
night,rural,1,no,high,low,2.52,High
afternoon,urban,0,yes,low,medium,2.12,Low
afternoon,urban,0,no,medium,medium,1.25,Low
evening,urban,5,no,medium,high,4.85,Medium
evening,rural,7,yes,low,low,2.0,Medium
night,urban,6,yes,medium,low,0.72,High
morning,isolated,7,yes,low,high,0.9,Low
morning,urban,6,yes,medium,low,4.97,Medium
morning,isolated,4,no,low,low,4.3,High
afternoon,urban,0,yes,medium,low,0.72,Low
morning,rural,4,yes,low,high,2.37,Low
evening,rural,4,no,low,high,3.37,High
afternoon,rural,8,no,medium,high,2.28,Medium
night,urban,3,yes,high,low,2.58,Medium
evening,rural,1,yes,high,low,0.77,Low
night,urban,4,yes,high,medium,1.62,Medium
evening,urban,5,yes,high,high,3.69,Low
afternoon,urban,9,yes,high,low,2.2,Medium
afternoon,rural,9,no,low,medium,3.0,High
afternoon,urban,4,yes,high,high,3.35,Low
night,rural,1,yes,high,low,2.51,Medium
morning,rural,3,no,low,low,2.98,Medium
afternoon,rural,1,no,low,low,0.45,Medium
night,urban,5,yes,low,medium,0.8,Medium
morning,urban,8,no,medium,low,1.49,Medium
morning,isolated,2,yes,low,medium,3.97,Medium
afternoon,rural,1,no,high,low,1.05,Low
morning,isolated,0,yes,low,high,1.0,Low
morning,urban,3,no,medium,low,4.81,Medium
morning,rural,3,no,high,low,2.43,Medium
night,urban,0,no,medium,medium,4.06,High
evening,urban,6,yes,high,medium,1.78,Low
afternoon,urban,4,no,low,high,1.39,Medium
night,rural,7,yes,medium,low,3.64,High
morning,rural,7,yes,high,medium,2.06,Low
afternoon,isolated,5,yes,high,low,1.5,Low
afternoon,urban,1,no,low,medium,3.81,Medium
night,isolated,6,no,low,high,4.56,High
afternoon,isolated,2,no,low,high,1.2,Low
morning,isolated,4,no,medium,medium,2.79,Medium
evening,isolated,9,no,high,medium,3.13,High
evening,rural,6,yes,medium,high,1.35,Low
night,isolated,1,yes,medium,low,4.28,High
morning,isolated,4,no,high,high,0.39,Low
night,urban,5,yes,medium,high,4.34,Medium
evening,rural,10,no,medium,low,2.78,High
afternoon,rural,5,no,medium,high,3.96,Medium
evening,rural,5,yes,medium,high,2.33,Low
night,isolated,5,yes,high,high,1.79,Low
evening,urban,7,yes,high,low,2.61,Medium
morning,isolated,0,no,high,medium,0.21,Low
morning,rural,2,yes,low,medium,2.82,Low
night,isolated,9,yes,high,medium,0.94,Medium
afternoon,isolated,9,no,medium,high,3.43,High
night,urban,7,no,high,high,3.9,High
evening,urban,3,no,high,medium,3.41,Medium
night,urban,0,yes,medium,medium,4.71,Medium
morning,rural,8,no,medium,medium,0.43,Medium
evening,rural,8,yes,low,medium,4.35,High
morning,urban,9,no,high,medium,1.21,Medium
afternoon,urban,5,yes,low,low,2.19,Medium
morning,rural,3,no,medium,high,0.42,Low
evening,isolated,2,yes,high,medium,4.1,Low
evening,urban,5,yes,low,high,3.06,Medium
afternoon,rural,0,no,medium,medium,4.23,Medium
night,rural,7,yes,low,high,2.17,High
evening,urban,10,no,medium,low,0.2,High
evening,isolated,7,no,low,low,1.27,High
afternoon,urban,5,no,low,medium,4.12,High
night,urban,6,no,low,medium,1.87,High
night,isolated,4,yes,low,low,3.04,High
evening,rural,1,no,high,low,4.07,Medium
evening,rural,8,yes,medium,high,2.61,Medium
morning,rural,10,no,medium,medium,4.15,High
night,isolated,0,yes,high,low,2.81,Medium
evening,urban,9,yes,medium,medium,3.42,High
morning,isolated,3,yes,high,low,1.55,Low
night,isolated,9,no,medium,high,2.7,High
night,urban,9,yes,high,medium,1.37,Medium
evening,isolated,9,no,high,medium,2.87,High
night,isolated,4,yes,medium,low,2.6,High
evening,urban,8,no,medium,medium,1.16,Medium
morning,rural,4,yes,low,medium,4.92,Medium
afternoon,isolated,2,yes,high,medium,1.93,Low
evening,rural,2,no,low,high,3.77,Medium
night,isolated,6,no,low,low,1.56,High
morning,urban,10,no,high,high,3.96,Medium
afternoon,urban,8,no,medium,medium,2.58,Medium
morning,rural,7,no,low,high,0.87,Medium
evening,urban,5,yes,low,medium,4.75,Medium
morning,isolated,4,no,high,low,2.77,Medium
night,urban,9,yes,low,high,1.96,High
evening,urban,3,yes,high,high,1.34,Low
morning,urban,9,no,low,high,0.43,Medium
night,urban,1,yes,low,low,2.72,High
afternoon,isolated,5,no,high,high,2.44,Low
morning,isolated,3,no,low,low,0.25,Medium
afternoon,urban,3,no,high,low,2.72,Medium
afternoon,urban,5,yes,low,low,3.19,Medium
morning,rural,7,yes,medium,high,2.08,Low
afternoon,urban,2,no,low,low,2.34,Medium
afternoon,rural,3,yes,low,low,2.65,Medium
morning,rural,0,yes,high,medium,0.54,Low
afternoon,rural,1,no,low,high,1.62,Low
night,isolated,10,yes,medium,medium,2.69,High
afternoon,rural,9,no,low,medium,2.61,High
morning,urban,0,yes,low,medium,1.71,Low
morning,urban,2,no,high,high,0.36,Low
afternoon,rural,9,yes,low,high,0.53,Medium
evening,urban,1,yes,low,low,2.9,Medium
night,isolated,8,no,low,low,0.9,High
afternoon,urban,4,yes,high,medium,3.45,Low
morning,rural,9,no,low,medium,3.24,High
morning,urban,10,yes,medium,medium,0.33,Medium
night,isolated,4,no,low,high,1.27,High
afternoon,isolated,0,yes,medium,high,1.35,Low
night,urban,0,yes,low,high,3.96,Medium
evening,rural,1,no,high,medium,0.44,Low
night,urban,8,no,low,high,4.49,High
evening,urban,1,no,high,high,3.71,Medium
evening,rural,1,no,high,medium,2.93,Medium
night,urban,7,no,high,low,3.24,High
night,isolated,6,yes,low,low,0.67,High
evening,isolated,3,yes,low,high,0.26,Low
morning,isolated,4,no,medium,medium,1.38,Medium
morning,rural,5,yes,high,medium,0.86,Low
afternoon,rural,0,no,low,high,2.36,Medium
evening,urban,1,yes,low,high,2.84,Low
evening,urban,5,yes,medium,low,2.83,Medium
night,urban,9,no,low,low,2.09,High
evening,urban,9,yes,low,medium,3.2,High
evening,rural,9,yes,low,medium,4.49,High
morning,rural,6,no,high,low,1.66,Medium
afternoon,rural,7,no,low,high,3.38,High
morning,rural,0,no,high,high,3.38,Low
evening,urban,8,yes,low,low,2.84,High
morning,rural,6,no,medium,medium,0.36,Medium
afternoon,rural,7,yes,high,medium,4.76,Medium
morning,rural,4,no,high,high,0.52,Low
afternoon,urban,0,no,low,medium,1.0,Medium
morning,rural,6,no,low,low,3.17,High
evening,rural,4,no,medium,high,0.35,Medium
night,urban,6,yes,high,low,3.42,High
afternoon,urban,4,yes,low,high,0.96,Low
afternoon,isolated,0,no,high,low,1.13,Low
night,isolated,1,yes,medium,high,1.69,Low
morning,urban,8,yes,medium,high,2.16,Low
afternoon,isolated,10,no,low,high,0.83,Medium
night,rural,7,yes,high,low,1.6,Medium
morning,rural,7,no,medium,high,0.4,Medium
night,isolated,7,no,medium,medium,4.23,High
afternoon,rural,3,no,low,medium,1.86,Medium
night,rural,2,yes,low,low,0.72,Medium
night,urban,4,yes,low,medium,1.77,Medium
afternoon,rural,7,yes,medium,medium,3.01,Medium
afternoon,urban,10,no,low,low,1.45,High
afternoon,rural,2,yes,low,high,2.49,Low
afternoon,urban,7,no,medium,low,1.21,Medium
morning,isolated,4,no,low,low,1.0,Medium
morning,rural,1,yes,high,low,3.85,Low
afternoon,isolated,9,yes,low,medium,0.35,Medium
evening,urban,4,no,high,low,2.74,Medium
night,rural,1,no,medium,high,2.98,Medium
afternoon,rural,7,yes,medium,medium,0.83,Low
evening,isolated,2,yes,high,medium,1.46,Low
night,rural,10,yes,high,low,1.6,High
afternoon,isolated,7,yes,high,low,4.29,Medium
night,rural,8,no,high,low,1.49,High
afternoon,urban,2,yes,high,medium,4.4,Low
afternoon,urban,8,yes,high,high,2.94,Low
evening,rural,1,yes,medium,high,3.89,Low
morning,urban,10,no,medium,medium,4.68,High
night,rural,0,no,medium,medium,4.15,High
night,urban,4,yes,low,medium,3.59,High
afternoon,rural,10,no,low,low,0.67,High
evening,isolated,1,no,medium,high,0.55,Low
afternoon,isolated,5,yes,medium,low,2.79,Medium
night,isolated,4,yes,low,low,0.49,High
afternoon,isolated,3,no,high,high,4.95,Low
afternoon,urban,10,no,low,high,1.11,Medium
night,isolated,6,no,high,medium,3.7,High
morning,rural,10,no,low,high,4.19,High
afternoon,urban,5,yes,high,medium,2.31,Low
morning,urban,7,yes,high,medium,2.15,Low
afternoon,isolated,0,no,high,high,1.92,Low
morning,rural,4,yes,low,high,1.81,Low
evening,isolated,5,yes,low,medium,2.11,Medium
morning,isolated,5,no,low,medium,2.11,Medium
morning,isolated,4,yes,medium,medium,1.3,Low
night,rural,4,no,medium,high,3.78,High
evening,rural,4,yes,high,medium,0.92,Low
night,rural,1,yes,low,low,3.87,High
morning,urban,7,no,high,low,3.25,High
morning,urban,0,no,high,medium,0.86,Low
afternoon,rural,8,no,low,high,2.9,Medium
night,rural,8,yes,low,medium,4.05,High
night,rural,2,no,medium,low,1.83,High
night,isolated,3,no,medium,high,4.22,High
afternoon,urban,5,no,low,medium,3.15,High
afternoon,isolated,7,yes,medium,high,2.18,Low
night,urban,8,no,low,low,4.09,High
morning,rural,9,no,low,high,3.12,High
evening,isolated,5,no,high,high,3.98,Medium
evening,urban,3,yes,low,high,2.44,Low
morning,isolated,2,no,high,medium,4.44,Medium
morning,rural,3,no,medium,high,0.39,Low
evening,urban,5,yes,high,high,2.56,Low
afternoon,urban,6,no,low,low,0.33,High
night,urban,1,no,high,high,3.01,Medium
morning,urban,1,no,low,high,2.07,Medium
evening,rural,7,yes,high,high,4.34,Medium
evening,rural,2,no,high,high,3.5,Medium
afternoon,urban,1,no,low,high,2.01,Medium
afternoon,isolated,10,yes,high,low,4.32,Medium
afternoon,urban,8,no,high,medium,0.47,Medium
afternoon,rural,8,no,medium,medium,0.28,Medium
night,urban,7,no,low,low,2.64,High
night,isolated,7,yes,low,medium,2.4,High
afternoon,rural,4,no,high,medium,4.46,Medium
morning,rural,3,yes,low,high,2.25,Low
morning,isolated,7,no,medium,high,2.31,Medium
night,urban,4,yes,low,low,0.69,High
night,urban,7,yes,medium,medium,4.67,High
morning,urban,1,yes,medium,medium,2.36,Low
evening,isolated,1,no,high,medium,2.49,Medium
evening,urban,3,yes,low,high,1.97,Low
afternoon,rural,1,no,low,high,4.23,Medium
morning,urban,7,no,low,low,3.26,High
evening,rural,4,yes,high,medium,3.49,Medium
night,urban,0,yes,medium,low,1.45,Medium
afternoon,isolated,8,yes,high,high,3.44,Low
morning,isolated,4,no,low,medium,2.58,Medium
evening,rural,6,yes,medium,medium,1.29,Medium
morning,isolated,4,no,medium,low,0.61,Medium
afternoon,urban,2,yes,medium,high,4.41,Low
afternoon,isolated,4,yes,medium,high,3.77,Low
afternoon,isolated,7,yes,low,medium,3.97,Medium
night,rural,0,no,medium,medium,2.8,High
morning,isolated,10,no,low,high,3.86,High
evening,rural,6,no,medium,low,0.87,High
morning,rural,7,no,high,high,4.95,Medium
evening,isolated,5,no,low,low,4.69,High
night,rural,5,yes,low,low,0.49,High
morning,isolated,7,yes,high,high,4.48,Low
afternoon,isolated,8,no,high,medium,2.18,Medium
afternoon,rural,5,yes,low,high,4.87,Medium
evening,urban,8,yes,medium,medium,4.21,Medium
evening,urban,3,no,low,low,0.91,Medium
afternoon,isolated,4,no,high,low,1.17,Medium
evening,isolated,4,yes,low,medium,2.5,Medium
night,isolated,9,no,medium,low,0.87,High
morning,urban,10,yes,low,low,3.56,High
morning,urban,2,yes,high,high,2.81,Low
evening,rural,3,no,low,high,2.29,Medium
afternoon,rural,1,yes,low,medium,4.65,Medium
afternoon,urban,7,yes,low,high,3.3,Medium
morning,isolated,4,no,high,medium,1.31,Low
afternoon,rural,6,no,low,medium,3.82,High
evening,isolated,1,no,low,medium,0.78,Medium
morning,rural,10,no,medium,low,4.52,High
afternoon,rural,9,yes,medium,low,3.52,High
afternoon,urban,9,no,high,medium,3.82,High
evening,isolated,5,no,high,low,2.58,Medium
night,isolated,7,yes,medium,medium,3.34,High
afternoon,isolated,0,yes,low,low,2.72,Medium
night,isolated,8,yes,high,medium,3.46,High
afternoon,urban,10,no,medium,high,4.83,High
evening,rural,2,no,medium,high,4.67,Medium
afternoon,isolated,3,no,medium,low,2.74,Medium
evening,isolated,10,yes,low,high,0.82,Medium
morning,urban,10,yes,medium,medium,4.12,Medium
morning,rural,6,no,high,medium,1.72,Medium
morning,rural,7,no,high,high,3.41,Medium
afternoon,rural,7,no,low,high,4.46,High
evening,isolated,7,no,high,medium,3.0,Medium
morning,rural,6,no,medium,high,1.52,Medium
afternoon,urban,3,yes,low,low,0.72,Low
evening,urban,8,no,high,low,2.19,High
morning,rural,9,no,low,high,0.82,Medium
morning,isolated,0,yes,high,medium,0.84,Low
night,urban,10,no,low,low,2.76,High
afternoon,isolated,10,no,high,medium,0.6,Medium
afternoon,rural,10,no,medium,medium,1.0,Medium
night,rural,4,no,high,low,2.7,High
morning,rural,8,yes,low,medium,0.57,Medium
afternoon,rural,7,yes,high,high,4.67,Low
morning,isolated,9,no,high,medium,4.05,High
morning,rural,3,no,low,medium,0.78,Medium
morning,urban,9,no,medium,medium,3.24,High
evening,rural,6,no,high,low,3.61,High
night,isolated,1,no,low,low,2.83,High
afternoon,urban,5,yes,low,high,0.54,Low
night,urban,2,yes,high,medium,1.38,Low
night,rural,9,yes,low,low,1.62,High
evening,isolated,0,no,low,low,3.61,High
night,rural,7,no,medium,low,2.55,High
evening,isolated,8,no,medium,medium,1.62,Medium
night,urban,7,no,medium,high,2.97,High
morning,isolated,3,no,medium,medium,3.12,Medium
afternoon,urban,4,no,medium,medium,2.8,Medium
afternoon,urban,1,yes,high,medium,4.04,Low
evening,rural,6,no,low,low,0.63,High
evening,urban,10,yes,high,low,1.98,Medium
evening,isolated,5,no,high,low,2.06,Medium
evening,isolated,6,no,medium,high,0.31,Medium
afternoon,isolated,5,no,high,high,4.04,Medium
night,isolated,5,no,medium,medium,0.23,High
morning,rural,9,yes,low,medium,2.91,Medium
morning,isolated,3,yes,high,medium,4.38,Low
afternoon,urban,7,no,low,high,1.52,Medium
evening,rural,1,yes,medium,medium,3.4,Medium
evening,isolated,1,no,low,medium,4.7,High
afternoon,isolated,4,yes,high,high,1.05,Low
morning,isolated,9,no,medium,medium,3.57,High
evening,isolated,2,no,high,low,1.59,Medium
afternoon,urban,8,yes,low,high,0.25,Low
night,isolated,10,yes,high,high,4.72,High
evening,rural,9,yes,high,high,0.5,Low
night,urban,6,yes,medium,high,2.92,Medium
night,rural,6,yes,low,low,4.55,High
morning,rural,5,no,high,high,4.03,Medium
night,rural,10,no,medium,high,1.55,High
afternoon,isolated,0,yes,high,medium,0.93,Low
night,rural,0,yes,high,high,3.8,Medium
afternoon,isolated,4,no,low,low,2.87,High
night,isolated,6,no,medium,high,2.31,High
afternoon,isolated,6,yes,low,high,4.71,Medium
evening,urban,3,no,medium,high,4.39,Medium
morning,isolated,7,no,low,low,3.72,High
evening,rural,9,no,high,medium,1.03,Medium
evening,isolated,6,no,medium,low,2.67,High
afternoon,isolated,9,no,low,low,3.99,High
afternoon,rural,0,no,low,medium,4.15,Medium
morning,isolated,8,yes,high,high,3.98,Low
afternoon,urban,8,no,medium,high,0.33,Medium
night,urban,6,no,high,low,3.81,High
morning,rural,1,no,medium,low,4.85,Medium
night,urban,1,no,high,low,1.8,Medium
afternoon,isolated,1,no,medium,low,1.05,Medium
afternoon,rural,9,yes,low,medium,2.82,Medium
night,isolated,4,yes,high,low,4.79,High
night,urban,2,yes,low,high,2.5,Medium
night,isolated,8,yes,medium,high,4.14,High
evening,isolated,4,yes,high,medium,3.09,Medium
afternoon,urban,5,yes,low,low,4.27,Medium
evening,urban,8,yes,medium,low,4.55,High
afternoon,urban,1,no,high,high,2.18,Low
night,urban,7,yes,medium,high,0.26,Medium
morning,rural,3,no,low,medium,0.38,Medium
morning,isolated,9,yes,medium,high,3.38,Medium
night,urban,6,no,medium,medium,2.83,High
afternoon,isolated,5,no,low,high,4.42,Medium
morning,isolated,8,no,medium,low,1.13,Medium
night,isolated,0,yes,high,high,1.61,Low
morning,isolated,1,yes,low,medium,2.92,Low
afternoon,isolated,9,no,high,low,1.53,Medium
night,isolated,3,no,medium,high,3.55,High
evening,urban,3,no,low,medium,4.59,High
afternoon,rural,5,no,low,high,3.98,Medium
afternoon,isolated,6,yes,low,low,1.26,Medium
evening,isolated,5,no,medium,high,3.34,Medium
morning,isolated,4,no,high,low,2.37,Medium
night,rural,2,yes,medium,medium,0.75,Medium
morning,urban,0,no,low,medium,4.52,Medium
night,rural,4,no,low,high,4.45,High
evening,rural,8,no,high,high,0.57,Medium
night,urban,5,no,high,medium,2.37,High
evening,rural,5,no,high,high,3.66,Medium
evening,rural,10,yes,high,medium,3.92,Medium
night,isolated,3,no,medium,medium,1.21,Medium
morning,rural,4,no,low,low,4.49,High
afternoon,isolated,5,yes,low,high,1.0,Low
afternoon,urban,8,no,medium,medium,4.0,High
afternoon,rural,10,yes,low,low,1.54,Medium
evening,rural,7,no,low,high,4.59,High
morning,urban,3,yes,high,high,3.58,Low
morning,urban,9,no,high,low,0.93,Medium
night,urban,2,no,low,low,1.72,High
morning,isolated,8,yes,low,low,3.11,High
morning,rural,1,no,high,medium,3.26,Medium
evening,urban,0,yes,low,medium,0.7,Low
evening,urban,7,yes,low,low,4.97,High
evening,urban,8,yes,medium,high,2.14,Medium
evening,urban,8,yes,low,medium,3.54,High
night,rural,7,no,high,medium,0.49,High
evening,rural,8,no,high,low,4.42,High
afternoon,isolated,9,yes,medium,high,4.06,Medium
morning,isolated,9,yes,medium,high,4.24,Medium
night,rural,8,no,high,low,4.8,High
morning,urban,5,yes,high,low,4.75,Medium
morning,isolated,5,no,high,high,3.23,Medium
evening,rural,1,no,medium,high,2.74,Medium
afternoon,rural,4,no,high,low,3.88,Medium
morning,rural,7,no,medium,low,3.35,High
night,isolated,0,no,low,medium,3.74,High
morning,rural,1,no,medium,medium,4.21,Medium
evening,rural,3,yes,medium,low,3.15,Medium
afternoon,urban,9,no,high,high,4.93,Medium
morning,rural,10,yes,high,medium,4.35,Medium
night,urban,1,no,medium,low,3.61,High
evening,rural,4,yes,high,medium,1.92,Low
morning,isolated,2,yes,high,high,2.86,Low
afternoon,isolated,5,no,medium,medium,1.3,Medium
morning,urban,10,yes,high,high,1.3,Low
evening,urban,1,no,low,low,1.72,Medium
morning,urban,8,yes,medium,high,2.67,Low
morning,isolated,9,yes,high,high,3.59,Medium
morning,isolated,3,no,high,medium,3.96,Medium
morning,isolated,8,yes,high,medium,3.48,Medium
afternoon,urban,5,no,high,high,3.48,Medium
evening,isolated,4,yes,low,medium,4.2,Medium
morning,isolated,1,no,medium,medium,0.96,Low
afternoon,rural,8,yes,high,medium,0.83,Low
evening,rural,7,yes,high,medium,1.01,Low
afternoon,rural,6,no,low,low,2.59,High
morning,isolated,8,no,high,medium,3.96,Medium
morning,urban,2,no,high,medium,0.3,Low
afternoon,urban,2,no,medium,high,2.41,Low
night,urban,8,no,low,low,0.58,High
afternoon,urban,2,no,high,high,2.66,Low
afternoon,urban,2,no,medium,low,0.21,Medium
evening,urban,3,yes,high,medium,3.05,Low
morning,rural,3,no,low,low,4.4,High
afternoon,rural,6,yes,low,high,1.75,Low
evening,urban,4,no,medium,low,1.84,Medium
night,rural,7,no,medium,high,2.54,High
evening,rural,2,no,medium,high,3.08,Medium
morning,rural,10,no,low,low,4.62,High
night,rural,9,yes,medium,medium,4.8,High
night,isolated,5,no,medium,low,3.27,High
afternoon,isolated,4,yes,high,high,1.39,Low
afternoon,isolated,7,yes,high,low,0.74,Low
night,urban,4,no,medium,medium,1.79,High
afternoon,rural,4,yes,high,high,2.55,Low
morning,urban,7,yes,high,high,3.53,Low
morning,isolated,10,yes,high,high,2.14,Low
morning,urban,5,yes,low,low,2.23,Medium
evening,rural,3,yes,low,low,0.97,Medium
evening,isolated,5,no,low,medium,4.44,High
morning,rural,2,yes,high,medium,0.82,Low
morning,rural,8,yes,medium,medium,2.29,Medium
night,urban,1,no,medium,medium,0.91,Medium
evening,urban,10,no,high,high,2.85,Medium
morning,rural,8,yes,high,low,3.05,Medium
afternoon,rural,0,yes,low,low,0.98,Low
morning,urban,0,no,medium,medium,1.95,Low
afternoon,isolated,9,no,medium,high,0.38,Medium
afternoon,urban,1,no,medium,high,1.58,Low
evening,rural,1,yes,high,medium,3.16,Low
morning,isolated,8,yes,low,low,1.82,Medium
night,isolated,3,yes,low,high,0.43,Medium
night,rural,1,yes,low,high,4.33,Medium
night,urban,4,no,low,low,1.03,High
evening,urban,0,yes,low,high,2.33,Low
morning,rural,1,yes,low,low,4.82,Medium
evening,rural,8,no,medium,medium,1.37,Medium
morning,urban,10,no,high,medium,3.66,High
evening,urban,1,no,high,high,4.07,Medium
afternoon,rural,1,yes,high,low,3.68,Low
afternoon,rural,9,no,low,low,1.61,High
night,rural,5,no,low,medium,2.94,High
night,urban,9,no,high,low,4.16,High
evening,isolated,6,no,high,high,0.28,Medium
afternoon,rural,8,no,high,high,0.24,Low
evening,urban,2,yes,high,medium,2.55,Low
evening,urban,4,no,high,high,0.93,Low
night,rural,0,no,low,high,4.36,High
morning,isolated,5,yes,low,low,4.54,Medium
afternoon,isolated,9,yes,medium,low,4.15,High
morning,rural,9,yes,low,medium,0.71,Medium
afternoon,isolated,1,no,high,high,0.6,Low
night,urban,4,yes,medium,medium,4.34,High
afternoon,isolated,1,no,low,high,0.72,Low
morning,isolated,5,no,medium,low,4.62,High
afternoon,urban,5,yes,medium,high,1.99,Low
night,urban,3,yes,medium,high,3.07,Medium
afternoon,isolated,0,yes,low,medium,0.87,Low
morning,isolated,3,no,low,high,3.49,Medium
morning,isolated,8,no,medium,medium,0.29,Medium
morning,urban,8,no,medium,medium,0.8,Medium
evening,rural,0,yes,low,high,3.9,Medium
morning,isolated,10,no,low,low,3.52,High
night,isolated,2,no,low,low,0.73,High
night,rural,2,yes,high,medium,3.27,Medium
night,rural,8,no,medium,low,3.32,High
evening,urban,4,yes,high,low,4.64,Medium
afternoon,urban,10,no,medium,high,3.17,High
afternoon,isolated,9,no,high,high,2.49,Medium
afternoon,urban,7,yes,medium,medium,0.24,Low
morning,isolated,7,no,medium,medium,3.26,High
evening,urban,9,yes,medium,low,0.4,Medium
morning,isolated,8,no,medium,high,4.05,Medium
night,urban,8,yes,low,low,3.12,High
night,isolated,0,no,high,low,2.22,High
night,urban,10,yes,medium,high,1.11,Medium
evening,rural,1,no,high,medium,3.01,Medium
evening,isolated,6,no,medium,low,3.86,High
night,isolated,6,yes,low,high,3.12,High
morning,rural,6,no,medium,low,1.13,Medium
night,urban,1,yes,low,high,1.92,Medium
evening,isolated,8,yes,high,medium,3.8,Medium
morning,isolated,0,yes,low,high,1.02,Low
night,isolated,3,no,low,low,4.57,High
morning,urban,7,yes,medium,high,2.35,Low
evening,isolated,6,yes,low,medium,2.24,Medium
evening,isolated,6,no,medium,low,0.44,High
night,rural,3,yes,low,low,1.32,Medium
night,isolated,9,yes,high,high,3.14,High
morning,urban,2,yes,low,high,4.83,Low
afternoon,rural,3,yes,medium,medium,2.31,Low
evening,isolated,3,yes,high,high,2.73,Low
morning,rural,5,no,medium,low,1.97,Medium
evening,urban,1,no,high,high,1.55,Low
morning,rural,3,no,high,low,1.87,Low
morning,rural,7,no,high,medium,2.98,Medium
night,urban,3,no,high,low,1.99,Medium
morning,isolated,5,no,medium,medium,2.82,Medium
evening,isolated,0,yes,high,low,1.59,Low
afternoon,isolated,3,yes,high,high,1.37,Low
morning,urban,4,no,high,medium,4.41,Medium
night,urban,1,no,high,medium,1.57,Medium
afternoon,urban,0,no,medium,low,2.84,Medium
evening,rural,5,yes,low,high,1.13,Low
afternoon,isolated,5,yes,high,medium,3.39,Low
morning,isolated,5,yes,high,low,0.33,Low
evening,urban,5,yes,high,high,1.04,Low
afternoon,urban,7,no,high,low,2.32,Medium
night,isolated,6,no,low,high,3.27,High
evening,isolated,6,yes,medium,low,0.87,Medium
evening,urban,0,no,low,medium,4.81,High
evening,urban,0,yes,high,medium,3.43,Low
afternoon,urban,0,yes,medium,high,3.9,Low
morning,isolated,7,no,medium,low,4.0,High
evening,isolated,8,yes,medium,medium,4.13,Medium
night,rural,0,yes,medium,medium,2.41,Medium
morning,rural,1,yes,medium,low,2.38,Low
morning,urban,10,yes,high,medium,4.28,Medium
evening,urban,2,yes,low,high,2.98,Low
afternoon,urban,7,yes,medium,medium,3.95,Medium
morning,isolated,9,no,medium,low,1.2,High
evening,isolated,6,yes,high,high,3.19,Medium
night,rural,3,yes,medium,high,1.62,Low
evening,isolated,4,yes,low,high,0.27,Low
evening,rural,0,no,medium,high,3.84,Medium
evening,isolated,5,no,high,medium,1.35,Medium
afternoon,urban,6,yes,medium,high,0.99,Low
night,isolated,3,yes,medium,medium,4.24,Medium
morning,rural,10,yes,low,high,4.31,Medium
evening,isolated,6,no,low,medium,4.91,High
evening,isolated,5,yes,medium,medium,2.41,Medium
morning,urban,8,yes,medium,high,4.81,Medium
night,rural,4,yes,medium,high,0.3,Medium
night,isolated,5,no,low,medium,2.27,High
morning,isolated,2,yes,low,medium,2.56,Low
night,isolated,6,no,medium,high,1.94,High
afternoon,rural,5,yes,high,high,4.91,Low
morning,rural,9,no,medium,low,4.01,High
evening,isolated,3,yes,medium,medium,1.59,Low
afternoon,rural,6,no,high,low,1.18,Medium
afternoon,rural,6,no,low,low,2.39,High
morning,rural,7,yes,high,low,0.23,Low
afternoon,rural,4,no,medium,low,2.81,Medium
morning,rural,2,no,high,high,1.17,Low
morning,rural,10,yes,medium,low,1.37,Medium
afternoon,rural,2,no,medium,low,3.69,Medium
night,isolated,2,yes,high,low,0.47,Medium
night,rural,3,no,high,high,1.51,Medium
night,urban,8,yes,medium,low,3.47,High
afternoon,rural,0,yes,high,high,2.37,Low
morning,urban,8,yes,low,high,2.89,Medium
afternoon,rural,0,yes,low,medium,3.36,Medium
night,isolated,7,yes,low,low,3.62,High
night,urban,0,yes,high,medium,1.07,Low
night,rural,8,yes,low,low,4.77,High
afternoon,isolated,0,no,medium,high,0.24,Low
night,isolated,6,yes,medium,low,0.84,High
afternoon,rural,5,no,medium,high,3.98,Medium
morning,urban,3,no,low,medium,4.32,Medium
morning,rural,4,no,high,medium,2.56,Medium
night,rural,9,yes,low,low,3.38,High
evening,rural,3,no,low,medium,4.52,High
night,isolated,7,yes,medium,medium,1.58,Medium
afternoon,urban,9,yes,medium,low,0.25,Medium
evening,isolated,1,no,high,medium,4.46,Medium
morning,urban,7,no,medium,low,4.56,High
evening,isolated,10,yes,low,high,4.26,High
evening,rural,5,no,medium,medium,4.46,High
afternoon,isolated,0,no,high,medium,3.83,Medium
night,urban,10,yes,high,low,1.89,High
afternoon,isolated,0,yes,high,low,4.75,Low
evening,isolated,8,no,high,medium,3.87,High
night,rural,10,yes,medium,high,4.71,High
morning,rural,9,yes,low,medium,1.64,Medium
afternoon,isolated,9,no,high,medium,4.92,High
afternoon,rural,2,yes,high,high,3.9,Low
night,rural,9,yes,medium,high,2.68,High
night,rural,7,no,high,high,4.83,High
evening,isolated,6,yes,low,medium,1.7,Medium
night,urban,6,no,high,medium,1.76,High
evening,urban,6,no,medium,medium,3.49,High
evening,urban,9,yes,high,high,3.21,Medium
night,isolated,7,yes,low,low,1.07,High
afternoon,isolated,2,yes,medium,high,2.12,Low
evening,rural,3,no,low,high,4.99,Medium
night,urban,3,no,high,high,1.17,Medium
morning,rural,8,no,medium,medium,0.37,Medium
afternoon,rural,9,yes,low,medium,3.33,High
evening,isolated,9,yes,high,high,4.05,Medium
night,isolated,7,no,low,medium,3.58,High
afternoon,isolated,4,yes,medium,high,3.89,Low
afternoon,rural,1,yes,medium,low,1.35,Low
morning,isolated,9,yes,medium,high,0.28,Low
afternoon,rural,6,yes,medium,low,1.99,Medium
night,isolated,5,no,high,high,1.82,Medium
night,rural,9,yes,high,high,4.89,High
afternoon,rural,10,yes,high,medium,1.95,Low
evening,isolated,6,no,low,low,4.48,High
morning,isolated,4,yes,low,high,2.74,Low
afternoon,urban,8,no,medium,high,3.22,Medium
morning,urban,2,no,medium,high,3.29,Medium
morning,urban,7,no,high,low,1.87,Medium
afternoon,urban,8,yes,high,medium,0.75,Low
evening,isolated,1,no,medium,medium,0.23,Medium
evening,rural,7,yes,low,high,4.96,Medium
morning,rural,8,yes,low,low,2.43,Medium
morning,isolated,3,yes,high,medium,0.51,Low
night,isolated,0,no,low,high,0.92,Medium
evening,urban,10,no,high,high,4.81,High
night,rural,6,no,medium,high,1.81,High
morning,rural,10,yes,high,low,0.33,Medium
morning,rural,8,no,medium,medium,1.34,Medium
afternoon,isolated,0,yes,high,high,3.95,Low
evening,urban,1,no,high,low,2.54,Medium
afternoon,rural,4,no,high,medium,3.86,Medium
morning,rural,4,no,low,high,1.98,Medium
afternoon,rural,5,no,medium,low,4.56,High
evening,rural,2,no,high,low,3.86,Medium
afternoon,isolated,8,yes,low,medium,3.04,Medium
morning,urban,7,yes,medium,high,4.27,Medium
evening,isolated,8,yes,low,low,3.26,High
afternoon,isolated,5,no,medium,high,1.4,Low
evening,isolated,0,yes,high,medium,4.72,Low
afternoon,urban,6,yes,medium,medium,0.46,Low
morning,isolated,1,yes,medium,low,0.57,Low
evening,isolated,7,no,high,high,3.1,Medium
morning,rural,7,yes,medium,low,2.81,Medium
afternoon,urban,9,yes,low,medium,2.79,Medium
afternoon,rural,7,yes,low,low,1.5,Medium
evening,rural,6,yes,high,high,1.01,Low
night,urban,8,yes,low,low,0.76,High
afternoon,rural,7,yes,high,high,0.89,Low
night,urban,10,yes,medium,medium,4.39,High
morning,rural,4,no,high,medium,4.71,Medium
evening,urban,10,yes,high,high,3.77,Medium
evening,rural,6,no,low,low,2.23,High
night,rural,3,yes,high,high,0.42,Low
evening,rural,9,no,high,high,3.0,Medium
afternoon,rural,1,yes,low,medium,2.75,Low
morning,urban,2,no,low,medium,2.14,Medium
evening,urban,5,yes,high,low,2.42,Medium
night,isolated,1,no,low,low,1.77,High
night,isolated,10,yes,medium,medium,4.46,High
morning,urban,2,no,high,high,2.16,Low
night,isolated,0,no,high,high,4.94,Medium
night,isolated,7,no,medium,medium,2.56,High
afternoon,urban,8,no,low,low,0.44,High
night,isolated,1,no,low,low,3.81,High
evening,rural,1,no,high,high,3.36,Medium
night,isolated,3,yes,high,low,1.67,Medium
evening,isolated,6,no,high,low,2.93,High
night,isolated,1,yes,high,medium,0.4,Low
night,urban,8,yes,high,low,2.83,High
morning,rural,4,no,medium,medium,4.52,Medium
afternoon,rural,5,no,high,low,1.47,Medium
morning,urban,6,no,medium,medium,3.19,High
afternoon,rural,2,yes,medium,medium,1.34,Low
evening,rural,10,no,low,low,3.72,High
morning,isolated,8,yes,medium,low,3.51,Medium
night,isolated,7,yes,low,high,3.28,High
night,rural,3,no,low,medium,3.01,High
afternoon,isolated,6,no,high,low,4.62,High
afternoon,isolated,1,yes,high,medium,2.46,Low
evening,urban,8,no,medium,medium,2.82,High
afternoon,urban,6,yes,low,low,3.06,High
night,urban,0,yes,low,low,0.6,Medium
evening,urban,0,yes,high,medium,2.02,Low
evening,isolated,2,no,low,high,2.53,Medium
afternoon,rural,7,no,high,high,1.52,Low
night,isolated,1,yes,medium,medium,2.65,Medium
afternoon,rural,9,yes,high,high,1.11,Low
evening,rural,6,no,low,high,3.21,High
morning,urban,1,no,medium,low,0.85,Medium
evening,rural,2,yes,high,low,0.22,Low
afternoon,urban,3,yes,medium,medium,0.69,Low
morning,rural,3,yes,high,low,3.95,Low
afternoon,isolated,3,yes,medium,high,4.93,Low
evening,isolated,0,yes,low,medium,1.09,Low
afternoon,rural,1,yes,high,high,3.9,Low
morning,rural,9,no,low,low,0.75,High
night,urban,1,yes,medium,low,2.05,Medium
evening,isolated,3,no,low,low,3.36,High
morning,isolated,4,no,medium,low,0.82,Medium
afternoon,rural,3,no,medium,high,4.43,Medium
evening,rural,2,yes,medium,medium,3.24,Medium
night,urban,10,yes,low,high,4.67,High
afternoon,rural,1,yes,low,low,4.38,Medium
evening,urban,0,yes,high,high,0.6,Low
morning,isolated,2,yes,low,high,3.07,Low
night,urban,4,no,high,low,2.62,High
night,urban,4,no,medium,medium,3.89,High
night,rural,1,yes,low,low,0.22,Medium
night,urban,9,no,high,high,3.55,High
night,rural,8,yes,high,high,0.93,Medium
morning,isolated,2,no,medium,medium,2.27,Medium
evening,urban,8,no,low,low,1.1,High
evening,urban,7,no,medium,medium,1.69,Medium
evening,isolated,6,yes,high,medium,4.88,Medium
morning,urban,8,no,high,high,0.75,Low
night,isolated,3,no,high,high,3.78,Medium
afternoon,isolated,5,yes,medium,high,2.84,Low
morning,urban,8,yes,high,low,1.8,Low
evening,urban,10,no,high,low,2.61,High
morning,isolated,1,no,medium,low,0.36,Medium
afternoon,rural,4,yes,medium,medium,0.61,Low
night,urban,5,no,medium,high,1.45,Medium
night,rural,5,no,low,medium,3.45,High
evening,rural,3,yes,high,high,3.85,Low
evening,urban,4,no,medium,medium,2.41,Medium
night,isolated,2,yes,high,low,4.64,Medium
night,isolated,3,no,high,high,3.25,Medium
evening,rural,6,yes,low,medium,2.06,Medium
morning,rural,5,no,high,low,3.85,Medium
afternoon,urban,2,no,medium,high,1.09,Low
night,urban,7,yes,medium,low,1.33,High
night,urban,1,no,high,low,4.21,High
evening,rural,6,yes,medium,low,0.64,Medium
evening,isolated,3,yes,high,low,0.23,Low
evening,urban,0,yes,high,low,2.57,Low
morning,urban,1,no,high,high,0.65,Low
afternoon,isolated,5,yes,medium,medium,1.68,Low
morning,urban,8,no,high,low,1.62,Medium
evening,urban,8,no,high,medium,1.08,Medium
evening,isolated,10,yes,low,low,3.3,High
night,rural,8,no,high,high,4.05,High
night,rural,8,no,high,high,4.63,High
afternoon,rural,6,no,high,high,2.26,Medium
morning,rural,3,no,high,low,4.5,Medium
evening,rural,4,yes,medium,medium,3.96,Medium
evening,urban,6,yes,low,low,0.5,Medium
night,isolated,3,yes,medium,low,0.7,Medium
afternoon,urban,10,yes,high,medium,4.86,Medium
afternoon,isolated,10,no,high,low,3.72,High
morning,rural,3,yes,medium,high,2.75,Low
afternoon,isolated,4,no,low,medium,1.5,Medium
afternoon,urban,7,no,high,high,1.28,Low
afternoon,rural,10,no,medium,medium,3.69,High
morning,rural,8,yes,medium,medium,4.88,Medium
evening,urban,5,no,low,low,2.51,High
afternoon,rural,8,no,high,medium,4.84,Medium
evening,isolated,4,no,low,medium,2.46,High
night,rural,10,no,low,high,0.92,High
evening,isolated,0,yes,medium,low,0.46,Low
evening,urban,2,yes,low,low,4.27,Medium
night,urban,4,no,high,medium,0.84,Medium
afternoon,urban,4,no,high,low,1.02,Medium
evening,rural,9,no,medium,high,1.71,Medium
morning,urban,1,no,low,high,0.29,Low
night,rural,8,yes,medium,high,0.55,Medium
afternoon,isolated,8,no,low,low,4.41,High
evening,isolated,2,yes,high,low,3.95,Medium
evening,isolated,9,no,medium,low,2.54,High
afternoon,urban,8,no,medium,low,2.61,High
morning,rural,3,no,high,low,1.44,Low
night,urban,4,yes,high,medium,2.27,Medium
night,urban,1,no,medium,medium,1.06,Medium
afternoon,isolated,10,yes,medium,high,3.11,Medium
night,rural,0,no,low,medium,1.94,High
afternoon,urban,1,no,medium,high,4.78,Medium
night,rural,8,no,medium,medium,0.55,High
night,rural,6,no,low,medium,2.41,High
morning,rural,4,no,high,high,3.7,Medium
evening,urban,6,yes,medium,low,3.68,High
afternoon,urban,1,no,high,medium,3.92,Medium
morning,urban,4,no,low,high,3.36,Medium
night,isolated,10,yes,high,medium,0.62,Medium
morning,urban,2,no,low,medium,4.94,Medium
night,urban,2,yes,low,medium,4.62,High
afternoon,isolated,5,yes,medium,high,4.46,Low
morning,isolated,8,yes,low,low,3.91,High
morning,urban,8,no,high,high,1.5,Low
evening,rural,4,yes,high,low,1.59,Low
evening,isolated,4,no,low,high,0.53,Medium
afternoon,rural,1,no,high,medium,0.85,Low
afternoon,isolated,5,no,medium,high,4.15,Medium
afternoon,isolated,1,yes,high,high,0.89,Low
afternoon,urban,4,yes,high,high,3.19,Low
afternoon,isolated,7,yes,medium,low,3.77,Medium
night,isolated,1,yes,low,medium,1.54,Medium
night,rural,3,no,high,high,3.76,Medium
afternoon,urban,7,yes,medium,medium,1.36,Low
morning,rural,10,yes,high,high,3.73,Medium
night,rural,2,no,low,low,4.06,High
night,isolated,10,no,low,high,1.26,High
evening,isolated,3,no,low,high,0.77,Medium
morning,isolated,6,no,high,low,4.96,High
afternoon,isolated,10,yes,low,medium,2.06,Medium
morning,isolated,4,yes,medium,high,3.61,Low
morning,urban,0,no,low,high,1.73,Low
evening,rural,3,no,high,medium,0.26,Low
night,rural,3,no,high,high,3.31,Medium
night,urban,0,yes,medium,low,0.83,Medium
afternoon,isolated,4,no,medium,high,2.63,Medium
evening,isolated,0,yes,low,low,4.79,Medium
afternoon,rural,4,yes,low,high,1.72,Low
afternoon,urban,4,no,low,low,0.46,Medium
afternoon,urban,5,yes,medium,low,3.02,Medium
evening,urban,7,no,medium,low,2.44,High
afternoon,isolated,4,yes,medium,low,2.3,Medium
night,rural,2,no,high,low,0.98,Medium
evening,isolated,3,yes,high,high,3.76,Low
morning,isolated,10,no,high,high,4.72,Medium
evening,isolated,2,no,low,medium,4.99,High
morning,isolated,2,no,low,medium,0.69,Medium
morning,rural,6,yes,medium,medium,0.94,Low
afternoon,urban,4,yes,low,medium,3.35,Medium
afternoon,urban,9,no,medium,low,3.52,High
evening,isolated,8,yes,low,low,4.26,High
evening,rural,0,no,low,medium,3.79,High
afternoon,isolated,0,yes,high,high,3.31,Low
night,urban,1,yes,high,low,4.52,Medium
evening,isolated,6,yes,low,high,0.27,Medium
night,isolated,7,no,low,low,3.67,High
evening,rural,10,yes,low,low,1.55,High
evening,isolated,4,yes,medium,low,0.38,Medium
evening,isolated,3,yes,low,high,0.24,Low
afternoon,urban,9,no,low,low,4.68,High
evening,urban,0,yes,low,low,1.25,Medium
night,urban,5,no,low,high,0.63,High
afternoon,rural,0,yes,medium,high,2.45,Low
evening,isolated,9,yes,medium,medium,4.51,High
morning,rural,4,no,low,medium,4.11,High
afternoon,isolated,5,no,high,low,2.54,Medium
evening,rural,6,no,low,low,0.38,High
night,urban,10,no,low,high,1.27,High
night,urban,2,yes,low,medium,1.69,Medium
morning,urban,10,yes,medium,low,3.4,High
afternoon,rural,2,no,low,low,4.52,High
evening,urban,8,yes,high,low,1.45,Medium
night,isolated,3,no,medium,medium,3.22,High
evening,isolated,10,yes,medium,low,4.4,High
afternoon,urban,6,no,low,low,1.45,High
afternoon,urban,9,yes,medium,low,2.77,Medium
morning,isolated,6,yes,low,low,0.55,Medium
evening,rural,1,yes,high,high,1.38,Low
evening,rural,2,yes,low,medium,0.5,Low
evening,urban,2,no,medium,high,3.89,Medium
night,isolated,2,yes,medium,low,4.49,High
night,isolated,5,yes,low,low,4.05,High
night,rural,10,no,medium,medium,4.42,High
afternoon,isolated,2,yes,low,medium,0.54,Low
afternoon,isolated,9,yes,high,high,1.57,Low
night,urban,5,yes,low,high,1.9,Medium
morning,urban,4,yes,low,medium,2.4,Medium
evening,rural,0,no,low,high,2.07,Medium
afternoon,urban,6,yes,low,medium,3.17,Medium
afternoon,urban,10,yes,medium,low,2.55,Medium
night,urban,6,no,high,medium,2.62,High
night,isolated,1,yes,high,medium,2.15,Medium
night,rural,8,no,medium,low,3.5,High
afternoon,isolated,1,no,medium,high,2.01,Low
evening,rural,2,yes,medium,medium,2.66,Low
afternoon,rural,8,no,high,medium,4.16,Medium
morning,urban,2,no,low,high,2.37,Medium
afternoon,rural,10,no,high,high,2.74,Medium
night,rural,8,no,low,medium,2.84,High
night,rural,9,yes,medium,high,0.54,Medium
morning,isolated,10,yes,low,medium,2.15,Medium
night,urban,10,no,medium,high,0.62,High
afternoon,urban,10,yes,medium,low,0.56,Medium
morning,urban,6,yes,high,high,4.8,Low
afternoon,rural,10,no,high,medium,0.24,Medium
night,rural,1,no,medium,low,4.71,High
morning,urban,7,yes,high,low,0.78,Low
morning,rural,8,yes,low,high,0.99,Low
night,isolated,2,yes,low,high,1.91,Medium
afternoon,rural,2,yes,high,low,2.78,Low
morning,rural,5,no,high,medium,3.35,Medium
night,rural,7,yes,medium,medium,0.35,Medium
night,rural,3,yes,high,low,0.25,Medium
afternoon,rural,10,no,low,low,1.33,High
morning,rural,3,no,medium,high,0.35,Low
morning,urban,8,no,high,medium,1.54,Medium
morning,rural,4,no,high,high,3.51,Medium
morning,rural,7,no,high,high,4.01,Medium
evening,isolated,9,yes,medium,high,3.68,Medium
morning,urban,6,no,high,high,4.12,Medium
evening,isolated,0,yes,medium,high,1.66,Low
night,isolated,9,yes,high,high,0.71,Medium
night,rural,8,no,high,medium,1.68,High
night,rural,3,no,high,medium,1.26,Medium
evening,urban,9,no,low,high,0.55,High
morning,rural,4,no,high,medium,4.41,Medium
evening,urban,1,no,low,high,4.12,Medium
afternoon,rural,2,no,medium,low,1.84,Medium
evening,rural,5,no,medium,medium,3.92,High
evening,rural,1,no,medium,high,2.98,Medium
evening,urban,0,yes,high,medium,1.39,Low
morning,isolated,1,no,medium,low,4.93,Medium
evening,urban,7,no,low,low,3.85,High
night,urban,0,no,high,high,3.51,Medium
afternoon,rural,6,no,high,medium,1.98,Medium
afternoon,urban,1,no,medium,low,4.32,Medium
evening,isolated,10,no,high,low,3.52,High
night,isolated,3,no,high,high,1.66,Medium
evening,rural,4,yes,high,low,2.72,Medium
morning,urban,4,yes,high,low,1.99,Low
afternoon,isolated,2,no,medium,medium,1.69,Low
morning,rural,10,yes,low,medium,1.13,Medium
morning,isolated,8,yes,low,high,4.18,Medium
morning,rural,0,yes,high,low,0.97,Low
morning,urban,2,yes,low,low,0.4,Low
afternoon,rural,1,yes,high,low,2.22,Low
evening,rural,2,no,medium,high,4.98,Medium
afternoon,rural,0,yes,medium,high,3.38,Low
night,rural,1,no,high,high,0.54,Medium
evening,rural,2,yes,medium,medium,1.96,Low
afternoon,urban,3,yes,medium,low,3.58,Medium
morning,isolated,4,yes,medium,high,3.45,Low
night,isolated,4,yes,medium,medium,2.18,Medium
evening,urban,0,yes,medium,high,1.65,Low
morning,isolated,10,no,medium,low,3.01,High
night,isolated,6,yes,medium,high,0.69,Medium
afternoon,rural,1,no,medium,high,4.36,Medium
afternoon,rural,3,no,medium,high,0.41,Low
evening,urban,5,no,low,high,1.4,Medium
evening,urban,0,yes,low,high,1.02,Low
night,isolated,9,yes,medium,high,1.15,Medium
morning,urban,2,yes,high,low,2.88,Low
morning,rural,9,no,medium,high,4.87,High
night,rural,7,yes,medium,medium,3.87,High
night,isolated,5,yes,medium,medium,3.09,High
morning,rural,8,yes,low,high,3.28,Medium
morning,urban,7,no,high,high,4.85,Medium
afternoon,urban,7,yes,high,high,2.7,Low
evening,urban,4,no,high,high,4.18,Medium
evening,urban,0,yes,high,high,0.95,Low
evening,rural,2,yes,medium,medium,0.38,Low
afternoon,isolated,1,yes,medium,medium,4.73,Low
afternoon,urban,9,yes,low,high,1.54,Medium
night,isolated,8,yes,high,high,0.23,Medium
night,isolated,5,no,high,medium,0.46,Medium
evening,isolated,0,yes,high,medium,3.34,Low
evening,rural,0,no,low,medium,0.65,Medium
morning,isolated,4,no,low,high,3.31,Medium
night,urban,3,no,low,high,2.29,High
afternoon,urban,0,no,high,medium,1.43,Low
night,isolated,6,no,medium,high,4.28,High
evening,rural,2,no,medium,low,0.74,Medium
evening,urban,1,yes,medium,high,1.8,Low
night,urban,0,yes,low,low,0.72,Medium
morning,urban,1,yes,medium,low,0.74,Low
morning,isolated,5,no,low,medium,4.65,High
afternoon,rural,2,no,high,medium,2.49,Low
night,rural,6,no,low,medium,2.67,High
afternoon,urban,3,yes,low,medium,0.66,Low
afternoon,isolated,7,yes,medium,medium,4.26,Medium
afternoon,isolated,3,yes,low,medium,4.77,Medium
afternoon,isolated,0,yes,high,high,3.63,Low
morning,rural,0,no,low,high,3.87,Medium
afternoon,isolated,4,yes,low,medium,2.2,Medium
evening,isolated,7,yes,high,low,4.97,Medium
morning,rural,0,no,high,high,4.66,Low
night,rural,4,yes,high,medium,2.9,Medium
night,urban,5,yes,high,medium,0.75,Medium
morning,isolated,2,no,low,high,4.28,Medium
evening,rural,4,no,high,high,2.81,Medium
morning,urban,0,yes,high,medium,1.64,Low
night,urban,1,yes,low,high,2.05,Medium
evening,rural,9,yes,high,medium,4.83,Medium
morning,urban,5,no,high,medium,3.43,Medium
night,rural,2,yes,medium,low,1.44,Medium
night,isolated,4,no,medium,low,3.27,High
night,isolated,5,yes,low,low,2.28,High
night,isolated,5,yes,medium,high,1.78,Medium
evening,isolated,4,no,high,medium,1.99,Medium
night,urban,4,yes,high,high,3.05,Medium
night,isolated,7,no,low,high,0.9,High
morning,isolated,6,no,low,medium,1.46,Medium
night,isolated,8,no,high,high,3.47,High
night,rural,8,yes,medium,low,0.28,High
evening,isolated,0,no,medium,low,3.94,High
morning,rural,8,no,high,high,2.94,Medium
evening,rural,5,yes,high,high,1.15,Low
night,isolated,6,yes,high,low,1.77,Medium
afternoon,rural,0,no,low,high,0.77,Low
night,urban,9,no,medium,high,3.27,High
afternoon,urban,1,yes,high,medium,0.81,Low
afternoon,urban,10,yes,high,low,3.77,Medium
morning,rural,0,yes,low,low,2.85,Medium
afternoon,isolated,9,no,low,medium,4.37,High
night,urban,4,yes,low,low,2.61,High
night,rural,3,no,high,high,2.02,Medium
morning,isolated,3,no,medium,medium,4.82,Medium
night,rural,10,yes,high,low,2.65,High
night,rural,7,no,medium,low,3.14,High
afternoon,rural,5,yes,medium,low,2.18,Medium
night,urban,7,no,high,medium,4.71,High
evening,isolated,4,yes,medium,low,1.86,Medium
morning,rural,6,yes,high,low,2.19,Medium
evening,urban,10,yes,medium,medium,3.61,High
evening,urban,8,no,low,medium,4.31,High
evening,isolated,3,no,low,low,4.97,High
night,rural,7,no,low,medium,2.69,High
evening,urban,8,no,medium,high,4.02,High
afternoon,urban,10,no,medium,high,4.84,High
night,urban,0,no,low,high,1.78,Medium
night,urban,8,yes,high,low,4.16,High
morning,rural,5,yes,low,low,3.05,Medium
evening,rural,7,no,medium,low,2.03,High
afternoon,rural,8,no,medium,medium,4.03,High
evening,rural,6,no,low,low,1.05,High
evening,isolated,10,no,high,high,1.09,Medium
morning,rural,0,yes,low,medium,1.68,Low
evening,urban,1,yes,low,high,3.7,Medium
morning,isolated,3,yes,low,low,1.2,Low
night,urban,3,no,medium,high,3.2,High
afternoon,isolated,5,no,medium,medium,3.36,Medium
evening,isolated,10,yes,low,medium,0.26,Medium
morning,rural,7,no,high,high,0.74,Low
night,rural,0,yes,medium,medium,2.14,Medium
night,isolated,1,no,low,high,0.51,Medium
evening,isolated,4,no,high,low,3.53,High
evening,rural,9,yes,medium,low,0.6,Medium
evening,rural,0,yes,medium,high,2.47,Low
night,rural,4,no,high,medium,4.21,High
evening,urban,5,yes,medium,medium,3.02,Medium
afternoon,isolated,1,yes,high,low,3.93,Low
evening,isolated,6,yes,high,high,0.5,Low
afternoon,urban,2,no,high,low,4.3,Medium
afternoon,isolated,9,no,low,high,0.27,Medium
morning,urban,0,yes,low,low,4.67,Medium
morning,rural,4,no,high,low,2.91,Medium
afternoon,isolated,7,no,high,high,4.05,Medium
morning,isolated,9,no,medium,low,0.55,High
evening,isolated,10,no,low,low,2.12,High
night,isolated,8,yes,low,high,0.82,Medium
morning,urban,8,no,medium,low,2.59,High
morning,urban,6,no,high,high,2.67,Medium
night,rural,2,yes,medium,medium,1.1,Medium
night,urban,4,yes,low,high,4.43,High
evening,urban,9,yes,low,medium,1.58,Medium
evening,rural,9,yes,high,high,1.03,Low
evening,isolated,2,yes,low,low,0.9,Medium
morning,urban,6,no,medium,medium,0.75,Medium
morning,urban,6,yes,high,medium,4.31,Medium
morning,rural,8,no,high,high,4.64,Medium
morning,urban,10,no,medium,low,4.73,High
night,rural,10,yes,low,medium,4.7,High
evening,urban,3,yes,high,high,4.8,Low
afternoon,urban,8,no,high,low,4.04,High
evening,rural,3,no,medium,low,3.02,High
afternoon,isolated,3,no,high,medium,4.73,Medium
afternoon,urban,5,yes,low,medium,0.71,Low
night,rural,1,yes,high,medium,2.88,Medium
afternoon,rural,3,yes,high,low,4.51,Low
afternoon,isolated,10,no,low,medium,0.64,High
night,urban,4,yes,high,medium,2.3,Medium
evening,isolated,5,yes,high,low,3.92,Medium
night,rural,3,yes,high,high,4.81,Medium
afternoon,rural,4,yes,low,medium,1.8,Low
evening,urban,5,yes,low,high,3.37,Medium
evening,isolated,8,no,high,low,0.47,Medium
night,urban,10,yes,high,high,0.43,Medium
morning,rural,9,no,medium,high,0.79,Medium
afternoon,urban,2,yes,low,low,1.13,Low
night,isolated,4,yes,high,medium,2.59,Medium
morning,rural,4,no,medium,medium,1.65,Medium
afternoon,isolated,3,yes,low,low,3.37,Medium
evening,isolated,9,no,high,medium,1.67,Medium
afternoon,isolated,1,yes,high,high,2.39,Low
evening,isolated,2,no,medium,high,3.78,Medium
morning,urban,10,yes,medium,medium,1.37,Medium
morning,urban,5,no,high,medium,1.57,Low
evening,isolated,7,yes,low,low,2.35,High
evening,urban,2,yes,low,medium,4.21,Medium
morning,rural,6,yes,high,low,0.67,Low
afternoon,urban,8,yes,high,high,4.29,Low
morning,isolated,7,no,low,medium,1.55,Medium
afternoon,rural,2,no,medium,medium,1.9,Low
afternoon,urban,10,yes,high,medium,4.73,Medium
evening,rural,6,no,medium,medium,0.23,Medium
afternoon,urban,8,no,medium,low,3.45,High
morning,urban,2,no,low,medium,4.35,Medium
night,isolated,7,yes,low,high,2.49,High
morning,rural,3,yes,high,low,3.78,Low
afternoon,rural,5,yes,high,high,0.5,Low
night,isolated,0,no,low,low,4.27,High
morning,rural,9,yes,low,medium,0.56,Medium
morning,isolated,1,no,low,low,0.34,Medium
night,rural,3,yes,medium,high,4.1,Medium
night,urban,2,no,high,low,2.98,High
afternoon,urban,10,no,medium,low,1.52,High
morning,rural,5,no,high,low,3.65,Medium
morning,urban,4,yes,high,high,0.68,Low
morning,urban,9,yes,low,medium,4.24,High
morning,isolated,9,no,medium,high,0.39,Medium
afternoon,urban,1,no,high,low,3.07,Medium
night,rural,7,no,high,high,4.45,High
afternoon,rural,4,yes,medium,low,2.93,Medium
afternoon,isolated,2,no,medium,medium,4.66,Medium
night,isolated,5,yes,high,medium,2.41,Medium
afternoon,urban,9,yes,low,high,1.41,Medium
morning,urban,6,no,medium,medium,2.29,Medium
night,urban,4,yes,medium,medium,0.22,Medium
evening,rural,8,yes,low,medium,3.34,High
afternoon,urban,1,no,medium,high,4.96,Medium
evening,rural,1,no,high,low,1.67,Medium
morning,urban,2,yes,high,high,2.59,Low
afternoon,urban,3,no,medium,medium,0.92,Low
evening,rural,4,no,high,low,4.34,High
morning,rural,3,yes,low,low,4.77,Medium
night,isolated,4,no,high,low,3.06,High
evening,rural,7,yes,medium,medium,1.45,Medium
evening,urban,7,yes,medium,low,2.59,Medium
morning,urban,2,yes,low,low,1.66,Low
morning,urban,2,no,high,medium,3.26,Medium
morning,isolated,2,no,high,low,1.19,Low
night,urban,8,yes,medium,medium,1.81,Medium
morning,urban,4,no,high,low,1.63,Medium
evening,rural,5,yes,high,medium,1.38,Low
night,urban,6,no,high,high,2.95,High
morning,rural,10,yes,medium,medium,4.81,Medium
morning,urban,6,yes,low,low,1.58,Medium
morning,isolated,6,no,low,high,4.2,High
night,isolated,2,no,high,high,0.72,Medium
afternoon,isolated,5,no,medium,high,3.32,Medium
evening,rural,10,no,medium,low,2.43,High
morning,rural,1,no,low,medium,1.59,Medium
night,rural,7,no,medium,low,2.11,High
afternoon,rural,8,yes,low,medium,4.6,Medium
morning,isolated,9,yes,low,medium,0.78,Medium
morning,rural,7,no,high,high,2.57,Medium
night,isolated,2,no,low,high,1.3,Medium
afternoon,rural,0,yes,medium,medium,4.83,Low
afternoon,isolated,3,no,medium,medium,3.78,Medium
morning,isolated,10,yes,low,low,0.31,Medium
morning,isolated,1,yes,low,medium,0.85,Low
evening,urban,9,yes,high,high,3.4,Medium
evening,rural,6,no,high,high,1.76,Medium
evening,isolated,5,yes,medium,high,0.5,Low
evening,urban,4,yes,high,medium,1.56,Low
night,isolated,6,no,low,high,2.71,High
morning,rural,3,yes,low,high,3.56,Low
night,rural,8,no,high,high,1.45,Medium
afternoon,rural,2,yes,low,low,4.65,Medium
night,urban,7,no,medium,high,3.27,High
morning,urban,5,yes,high,low,3.62,Medium
evening,urban,4,no,high,medium,3.38,Medium
afternoon,isolated,7,yes,low,high,3.1,Medium
evening,isolated,1,no,low,high,1.98,Medium
afternoon,isolated,8,no,medium,medium,1.6,Medium
evening,isolated,5,no,medium,medium,1.52,Medium
evening,urban,2,yes,high,high,2.26,Low
night,isolated,3,yes,low,medium,2.74,Medium
afternoon,rural,6,no,low,high,1.48,Medium
afternoon,isolated,9,yes,medium,high,3.1,Medium
afternoon,rural,4,no,high,low,4.08,Medium
morning,rural,0,no,high,medium,2.73,Low
night,urban,10,yes,medium,low,2.11,High
evening,isolated,7,yes,high,low,2.92,Medium
afternoon,rural,0,yes,medium,high,1.02,Low
afternoon,isolated,4,yes,medium,high,2.41,Low
morning,isolated,8,yes,medium,low,0.45,Medium
morning,isolated,7,no,high,high,2.91,Medium
afternoon,rural,2,yes,low,low,1.07,Low
morning,rural,6,no,low,low,4.02,High
evening,urban,7,no,medium,low,3.75,High
morning,isolated,10,no,low,high,2.29,High
morning,urban,10,yes,medium,low,0.72,Medium
evening,isolated,0,yes,high,high,1.32,Low
evening,rural,6,no,medium,low,4.27,High
morning,rural,0,yes,high,high,0.42,Low
morning,rural,2,yes,low,low,2.0,Low
morning,rural,3,no,low,high,2.1,Medium
evening,isolated,6,yes,medium,low,0.95,Medium
night,urban,6,yes,medium,high,4.7,High
night,rural,8,no,high,low,1.39,High
morning,rural,9,no,medium,high,4.22,High
evening,rural,7,yes,high,medium,2.79,Medium
evening,urban,1,no,low,medium,0.86,Medium
evening,rural,5,no,high,medium,2.65,Medium
afternoon,rural,0,no,low,high,0.84,Low
evening,rural,1,yes,medium,medium,2.21,Low
evening,isolated,1,no,high,low,0.58,Medium
evening,urban,4,no,medium,medium,1.58,Medium
evening,urban,9,no,low,medium,2.25,High
afternoon,isolated,10,no,high,high,1.84,Medium
night,isolated,8,yes,low,low,3.55,High
night,isolated,0,no,medium,high,3.61,High
morning,urban,6,no,high,medium,4.23,Medium
evening,urban,0,no,high,low,1.36,Medium
night,urban,1,no,high,medium,2.4,Medium
morning,isolated,6,no,medium,medium,3.45,High
afternoon,urban,9,yes,low,low,4.52,High
afternoon,isolated,0,no,medium,high,0.45,Low
afternoon,rural,6,no,medium,medium,4.41,High
night,rural,10,no,high,high,0.5,High
evening,isolated,7,yes,high,medium,3.51,Medium
morning,urban,0,yes,high,low,0.43,Low
evening,urban,9,yes,medium,low,4.34,High
night,urban,4,no,low,high,3.94,High
evening,urban,4,no,high,medium,0.86,Medium
night,isolated,4,no,high,low,3.72,High
night,rural,8,no,medium,medium,1.15,High
morning,urban,8,yes,low,low,2.3,Medium
afternoon,urban,0,yes,medium,high,0.62,Low
evening,urban,7,yes,low,low,2.99,High
afternoon,isolated,10,yes,medium,low,4.59,High
afternoon,isolated,6,yes,medium,high,0.52,Low
morning,rural,0,yes,medium,low,2.71,Low
night,urban,6,no,high,low,4.7,High
afternoon,isolated,2,no,high,medium,4.12,Medium
afternoon,urban,10,yes,medium,medium,0.36,Medium
morning,urban,7,no,low,low,4.47,High
evening,isolated,4,yes,high,medium,0.45,Low
night,rural,6,no,high,high,0.56,Medium
afternoon,isolated,7,no,high,medium,3.97,Medium
night,isolated,2,no,medium,high,2.64,Medium
morning,rural,0,no,medium,high,4.18,Medium
morning,urban,6,no,medium,high,4.12,Medium
morning,rural,4,no,medium,high,4.05,Medium
night,urban,3,no,medium,low,4.16,High
night,isolated,3,no,low,high,0.28,Medium
morning,isolated,2,no,high,low,4.58,Medium
night,urban,8,no,high,low,1.84,High
afternoon,urban,1,yes,low,low,0.72,Low
night,urban,4,no,low,low,4.84,High
night,isolated,9,yes,medium,high,2.52,High
evening,rural,10,no,high,high,4.59,High
afternoon,isolated,8,yes,medium,low,1.86,Medium
night,isolated,3,no,low,high,1.22,Medium
night,isolated,9,yes,high,low,0.66,High
afternoon,rural,6,no,medium,high,0.78,Medium
afternoon,isolated,3,yes,high,medium,1.26,Low
afternoon,urban,10,yes,high,medium,4.84,Medium
afternoon,urban,10,no,high,high,2.82,Medium
morning,rural,8,yes,medium,low,1.64,Medium
evening,isolated,2,no,low,low,4.56,High
morning,isolated,8,yes,low,medium,2.17,Medium
morning,isolated,5,no,low,low,3.86,High
afternoon,isolated,10,no,medium,high,1.8,Medium
afternoon,isolated,0,yes,high,high,0.51,Low
morning,isolated,7,no,high,low,4.87,High
morning,isolated,5,yes,low,medium,1.78,Low
evening,urban,1,yes,high,high,2.92,Low
night,urban,8,no,high,high,3.63,High
afternoon,urban,2,yes,low,high,3.86,Low
night,rural,10,yes,medium,high,2.59,High
night,rural,8,no,high,low,2.28,High
afternoon,urban,2,yes,medium,low,0.6,Low
afternoon,urban,4,no,low,high,4.95,Medium
morning,isolated,0,yes,medium,low,1.58,Low
evening,rural,3,yes,low,medium,1.74,Low
evening,isolated,1,yes,medium,medium,2.08,Low
morning,urban,10,yes,medium,medium,4.51,Medium
afternoon,isolated,5,no,medium,medium,0.45,Medium
night,isolated,9,no,high,medium,3.88,High
night,urban,10,yes,high,high,1.3,Medium
night,urban,0,no,low,low,0.83,High
afternoon,isolated,4,no,high,low,3.8,Medium
morning,urban,10,yes,high,high,4.85,Medium
morning,urban,6,no,high,high,3.32,Medium
morning,rural,1,no,low,medium,3.18,Medium
night,rural,4,no,low,low,3.63,High
morning,isolated,2,no,high,high,0.5,Low
afternoon,rural,5,yes,low,high,1.54,Low
afternoon,urban,9,yes,high,high,3.34,Medium
afternoon,rural,0,yes,low,low,2.6,Medium
afternoon,isolated,4,no,high,low,2.31,Medium
evening,rural,1,no,low,low,0.71,Medium
morning,rural,3,no,high,high,0.58,Low
afternoon,urban,1,yes,high,medium,4.55,Low
night,isolated,8,no,medium,medium,4.3,High
night,urban,2,yes,medium,high,2.13,Medium
night,urban,3,yes,low,high,0.5,Medium
night,rural,3,yes,low,high,1.19,Medium
afternoon,isolated,5,no,high,medium,4.77,Medium
morning,urban,2,no,low,medium,1.17,Medium
afternoon,urban,5,no,medium,low,2.28,Medium
afternoon,urban,6,yes,high,medium,3.13,Medium
evening,rural,5,yes,high,medium,4.17,Medium
night,rural,8,no,high,low,3.0,High
evening,rural,8,no,high,high,4.41,Medium
night,rural,6,yes,medium,medium,1.82,Medium
night,rural,3,yes,high,high,1.67,Low
morning,rural,7,yes,low,low,3.29,High
afternoon,urban,3,yes,medium,high,2.95,Low
morning,urban,4,yes,medium,medium,0.68,Low
evening,urban,3,no,high,medium,3.54,Medium
evening,rural,10,yes,medium,medium,1.9,Medium
night,urban,9,yes,medium,low,1.75,High
night,urban,6,no,medium,medium,4.86,High
night,rural,2,yes,low,low,2.31,High
night,urban,0,yes,medium,medium,2.19,Medium
night,rural,0,no,high,high,2.48,Medium
evening,rural,10,no,medium,medium,1.36,High
night,rural,8,yes,medium,low,4.16,High
afternoon,rural,8,yes,low,low,3.57,High
night,isolated,7,yes,medium,low,2.61,High
afternoon,urban,9,no,high,low,4.38,High
night,urban,3,yes,low,high,1.12,Medium
night,rural,7,yes,medium,high,0.57,Medium
night,urban,9,no,low,low,2.0,High
morning,isolated,8,yes,medium,low,0.46,Medium
afternoon,rural,1,yes,medium,high,1.95,Low
afternoon,isolated,3,yes,low,low,4.87,Medium
morning,rural,9,yes,low,low,2.04,High
evening,urban,3,yes,low,medium,0.7,Low
night,isolated,0,yes,low,high,1.62,Medium
night,isolated,7,no,high,high,0.73,Medium
afternoon,urban,8,yes,low,medium,4.15,Medium
morning,urban,8,yes,low,low,0.55,Medium
night,isolated,10,no,low,high,2.99,High
night,isolated,2,no,medium,high,1.69,Medium
night,isolated,4,no,low,low,4.01,High
morning,urban,1,no,low,high,3.21,Medium
afternoon,urban,6,yes,low,high,1.96,Low
